,Y,Y_RF,sig_1,pos_1,bal_1,sig_2,pos_2,bal_2,sig_3,pos_3,bal_3
0,116.0,116.43894427472152,1.0,1.0,1000350.0,1.0,1.0,1000350.0,1.0,1.0,942000.0
1,117.47,116.74712093889737,-1.0,-1.0,999780.0,-1.0,-1.0,999780.0,-1.0,-1.0,1001305.0
2,119.73,116.73904201222103,-1.0,-1.0,999230.0,-1.0,0.0,999780.0,-1.0,-1.0,1002415.0
3,120.67,118.70094828586872,-1.0,-1.0,997900.0,-1.0,0.0,999780.0,-1.0,-1.0,1003665.0
4,123.5,121.04058239341445,-1.0,-1.0,997240.0,-1.0,0.0,999780.0,-1.0,-1.0,1004410.0
5,124.95,123.44159965976154,-1.0,-1.0,997490.0,-1.0,0.0,999780.0,-1.0,-1.0,1004225.0
6,124.01,124.89914169253547,1.0,1.0,998465.0,1.0,1.0,1000755.0,-1.0,-1.0,1004980.0
7,125.57,124.54155688792689,-1.0,-1.0,997745.0,-1.0,-1.0,1000035.0,-1.0,-1.0,1005505.0
8,127.01,126.49533798105684,-1.0,-1.0,997050.0,-1.0,0.0,1000035.0,-1.0,-1.0,1006200.0
9,128.49,127.0754744019281,-1.0,-1.0,997395.0,-1.0,0.0,1000035.0,-1.0,-1.0,1005900.0
10,127.88,128.60112435745313,1.0,1.0,997620.0,1.0,1.0,1000260.0,-1.0,-1.0,1006165.0
11,128.02,127.87421162427059,-1.0,-1.0,997825.0,-1.0,-1.0,1000465.0,-1.0,-1.0,1005805.0
12,127.99,128.40454389629045,1.0,1.0,997355.0,1.0,1.0,999995.0,-1.0,-1.0,1005525.0
13,127.0,127.62709738048615,1.0,1.0,998405.0,1.0,0.0,999995.0,-1.0,-1.0,1006550.0
14,129.06,128.66269918377236,-1.0,-1.0,998195.0,-1.0,-1.0,999785.0,-1.0,-1.0,1006740.0
15,129.4,129.09611767940427,-1.0,-1.0,997025.0,-1.0,0.0,999785.0,-1.0,-1.0,1007870.0
16,131.79,129.55438434118457,-1.0,-1.0,996995.0,-1.0,0.0,999785.0,-1.0,-1.0,1007925.0
17,132.11,131.69445765454813,-1.0,-1.0,997045.0,-1.0,0.0,999785.0,-1.0,-1.0,1008005.0
18,132.1,132.2581407918141,1.0,1.0,996545.0,1.0,1.0,999285.0,-1.0,-1.0,1007550.0
19,130.77,131.08981159345026,1.0,1.0,996860.0,1.0,0.0,999285.0,-1.0,-1.0,1007700.0
20,131.65,131.25547389446655,-1.0,-1.0,995985.0,-1.0,-1.0,998410.0,-1.0,-1.0,1008700.0
21,133.88,131.61217001568258,-1.0,-1.0,997755.0,-1.0,0.0,998410.0,-1.0,-1.0,1007170.0
22,130.8,132.33206733508956,1.0,1.0,997820.0,1.0,1.0,998475.0,-1.0,-1.0,1007465.0
23,131.0,130.47334056674052,-1.0,-1.0,997280.0,-1.0,-1.0,997935.0,-1.0,-1.0,1008040.0
24,132.1,132.0759890140953,-1.0,-1.0,997410.0,-1.0,0.0,997935.0,-1.0,-1.0,1007920.0
25,131.84,131.64001997146272,-1.0,-1.0,996205.0,-1.0,0.0,997935.0,-1.0,-1.0,1009125.0
26,134.44,131.98115390882833,-1.0,-1.0,996380.0,-1.0,0.0,997935.0,-1.0,-1.0,1009045.0
27,134.44,134.50169939126673,1.0,1.0,996185.0,1.0,1.0,997740.0,-1.0,-1.0,1009025.0
28,134.48,134.3058344678076,-1.0,-1.0,996410.0,-1.0,-1.0,997965.0,-1.0,-1.0,1009015.0
29,134.16,134.2701160531718,1.0,1.0,996250.0,1.0,1.0,997805.0,-1.0,-1.0,1008920.0
30,134.09,134.1309363388452,1.0,1.0,995880.0,1.0,0.0,997805.0,-1.0,-1.0,1008675.0
31,133.6,133.92645275912818,1.0,1.0,995880.0,1.0,0.0,997805.0,-1.0,-1.0,1008800.0
32,133.63,133.41149675215055,-1.0,-1.0,996000.0,-1.0,-1.0,997925.0,-1.0,-1.0,1008695.0
33,133.84,133.7906089035014,-1.0,-1.0,996115.0,-1.0,0.0,997925.0,-1.0,-1.0,1008805.0
34,133.81,134.13958424788873,1.0,1.0,997235.0,1.0,1.0,999045.0,-1.0,-1.0,1010025.0
35,136.1,134.00778004643738,-1.0,-1.0,997685.0,-1.0,-1.0,999495.0,-1.0,-1.0,1009600.0
36,135.16,134.95564632160065,-1.0,-1.0,997610.0,-1.0,0.0,999495.0,-1.0,-1.0,1009655.0
37,135.46,135.47210292744674,1.0,1.0,998065.0,1.0,1.0,999950.0,-1.0,-1.0,1010185.0
38,136.37,136.3430157283204,-1.0,-1.0,998540.0,-1.0,-1.0,1000425.0,-1.0,-1.0,1009710.0
39,136.07,136.09095907804843,1.0,1.0,999165.0,1.0,1.0,1001050.0,-1.0,-1.0,1010660.0
40,137.55,136.44137916828936,-1.0,-1.0,999640.0,-1.0,-1.0,1001525.0,-1.0,-1.0,1010300.0
41,136.71,136.55249658626266,-1.0,-1.0,999415.0,-1.0,0.0,1001525.0,-1.0,-1.0,1010580.0
42,137.0,136.9462086893985,-1.0,-1.0,999195.0,-1.0,0.0,1001525.0,-1.0,-1.0,1010720.0
43,137.35,137.3058875849747,-1.0,-1.0,999310.0,-1.0,0.0,1001525.0,-1.0,-1.0,1010560.0
44,137.77,137.59656117273315,-1.0,-1.0,999270.0,-1.0,0.0,1001525.0,-1.0,-1.0,1010925.0
45,137.5,137.54397790844283,1.0,1.0,999670.0,1.0,1.0,1001925.0,-1.0,-1.0,1011150.0
46,138.82,138.2951641236497,-1.0,-1.0,999725.0,-1.0,-1.0,1001980.0,-1.0,-1.0,1011355.0
47,138.76,138.48179417076673,-1.0,-1.0,999305.0,-1.0,0.0,1001980.0,-1.0,-1.0,1011800.0
48,139.33,139.1211535860805,-1.0,-1.0,999270.0,-1.0,0.0,1001980.0,-1.0,-1.0,1011700.0
49,139.6,139.7511607434936,1.0,1.0,999425.0,1.0,1.0,1002135.0,-1.0,-1.0,1011955.0
50,140.0,139.95475799782056,-1.0,-1.0,999465.0,-1.0,-1.0,1002175.0,-1.0,-1.0,1011960.0
51,139.91,139.8696419980252,-1.0,-1.0,999545.0,-1.0,0.0,1002175.0,-1.0,-1.0,1011875.0
52,139.9,140.11709812577854,1.0,1.0,999580.0,1.0,1.0,1002210.0,-1.0,-1.0,1011985.0
53,140.19,140.31848082486914,1.0,1.0,998655.0,1.0,0.0,1002210.0,-1.0,-1.0,1011170.0
54,138.0,140.1061993716941,1.0,1.0,999470.0,1.0,0.0,1002210.0,-1.0,-1.0,1011815.0
55,139.45,140.1003453366842,1.0,1.0,999555.0,1.0,0.0,1002210.0,-1.0,-1.0,1011810.0
56,140.15,140.17718403713346,1.0,1.0,999780.0,1.0,0.0,1002210.0,-1.0,-1.0,1012300.0
57,139.16,139.73819226894213,1.0,1.0,1000460.0,1.0,0.0,1002210.0,-1.0,-1.0,1012260.0
58,140.7,140.81018134988042,1.0,1.0,1000975.0,1.0,0.0,1002210.0,-1.0,-1.0,1012865.0
59,142.25,140.78273161913475,-1.0,-1.0,1000795.0,-1.0,-1.0,1002030.0,-1.0,-1.0,1013305.0
60,142.32,141.76885407569804,-1.0,-1.0,1000800.0,-1.0,0.0,1002030.0,-1.0,-1.0,1013155.0
61,142.25,142.1771975980408,-1.0,-1.0,1001080.0,-1.0,0.0,1002030.0,-1.0,-1.0,1012845.0
62,142.03,142.40686812565002,1.0,1.0,1001165.0,1.0,1.0,1002115.0,-1.0,-1.0,1013100.0
63,141.98,141.702725577175,-1.0,-1.0,1001270.0,-1.0,-1.0,1002220.0,-1.0,-1.0,1012885.0
64,141.73,142.26177319366164,1.0,1.0,1001230.0,1.0,1.0,1002180.0,-1.0,-1.0,1012825.0
65,141.72,141.8856491596289,1.0,1.0,1000945.0,1.0,0.0,1002180.0,-1.0,-1.0,1012575.0
66,140.78,141.62127605531398,1.0,1.0,1000940.0,1.0,0.0,1002180.0,-1.0,-1.0,1012385.0
67,141.22,141.27501574958015,1.0,1.0,1000835.0,1.0,0.0,1002180.0,-1.0,-1.0,1012505.0
68,141.18,140.96004532051373,-1.0,-1.0,1001435.0,-1.0,-1.0,1002780.0,-1.0,-1.0,1011990.0
69,140.3,140.96963096991593,1.0,1.0,1001095.0,1.0,1.0,1002440.0,-1.0,-1.0,1011810.0
70,139.53,140.0221142380772,1.0,1.0,1000910.0,1.0,0.0,1002440.0,-1.0,-1.0,1011580.0
71,139.5,139.61188891927506,1.0,1.0,1002050.0,1.0,0.0,1002440.0,-1.0,-1.0,1012890.0
72,141.3,140.44834950755046,-1.0,-1.0,1002220.0,-1.0,-1.0,1002610.0,-1.0,-1.0,1012480.0
73,141.21,140.88370483612206,-1.0,-1.0,1001595.0,-1.0,0.0,1002610.0,-1.0,-1.0,1013230.0
74,142.98,141.78946360780625,-1.0,-1.0,1001210.0,-1.0,0.0,1002610.0,-1.0,-1.0,1013875.0
75,143.98,142.46363721987169,-1.0,-1.0,1001400.0,-1.0,0.0,1002610.0,-1.0,-1.0,1013800.0
76,145.25,143.71001220010564,-1.0,-1.0,1001310.0,-1.0,0.0,1002610.0,-1.0,-1.0,1014715.0
77,145.5,144.18575463429067,-1.0,-1.0,1000805.0,-1.0,0.0,1002610.0,-1.0,-1.0,1015255.0
78,146.56,145.52792651417383,-1.0,-1.0,1000795.0,-1.0,0.0,1002610.0,-1.0,-1.0,1015290.0
79,146.99,146.83633688390304,-1.0,-1.0,999420.0,-1.0,0.0,1002610.0,-1.0,-1.0,1016870.0
80,149.74,147.79129018871822,-1.0,-1.0,999065.0,-1.0,0.0,1002610.0,-1.0,-1.0,1017225.0
81,150.85,149.7971490728833,-1.0,-1.0,998170.0,-1.0,0.0,1002610.0,-1.0,-1.0,1018320.0
82,152.79,150.62416314271653,-1.0,-1.0,998240.0,-1.0,0.0,1002610.0,-1.0,-1.0,1018325.0
83,152.65,152.65146599344504,1.0,1.0,995920.0,1.0,1.0,1000290.0,-1.0,-1.0,1016005.0
84,149.49,151.551218345262,1.0,1.0,996550.0,1.0,0.0,1000290.0,-1.0,-1.0,1017375.0
85,150.85,150.82306957750365,-1.0,-1.0,996900.0,-1.0,-1.0,1000640.0,-1.0,-1.0,1017075.0
86,150.57,150.3523297640211,-1.0,-1.0,996660.0,-1.0,0.0,1000640.0,-1.0,-1.0,1017525.0
87,151.15,151.3801908099647,1.0,1.0,996160.0,1.0,1.0,1000140.0,-1.0,-1.0,1017075.0
88,150.45,150.43108301987306,-1.0,-1.0,995775.0,-1.0,-1.0,999755.0,-1.0,-1.0,1017610.0
89,151.34,151.4380308426662,1.0,1.0,995105.0,1.0,1.0,999085.0,-1.0,-1.0,1017000.0
90,149.99,151.39391316156988,1.0,1.0,995265.0,1.0,0.0,999085.0,-1.0,-1.0,1017155.0
91,150.7,150.18056750008904,-1.0,-1.0,995600.0,-1.0,-1.0,999420.0,-1.0,-1.0,1017015.0
92,150.68,150.47256028573494,-1.0,-1.0,996380.0,-1.0,0.0,999420.0,-1.0,-1.0,1016560.0
93,148.81,150.30948591031492,1.0,1.0,994725.0,1.0,1.0,997765.0,-1.0,-1.0,1014750.0
94,144.7,149.31273604051873,1.0,1.0,996450.0,1.0,0.0,997765.0,-1.0,-1.0,1016075.0
95,148.5,149.0993348430476,1.0,1.0,996135.0,1.0,0.0,997765.0,-1.0,-1.0,1015935.0
96,148.25,148.29281329626116,1.0,1.0,996010.0,1.0,0.0,997765.0,-1.0,-1.0,1016000.0
97,148.52,148.01727945908758,-1.0,-1.0,996250.0,-1.0,-1.0,998005.0,-1.0,-1.0,1016020.0
98,148.1,148.16244463810335,1.0,1.0,997225.0,1.0,1.0,998980.0,-1.0,-1.0,1017025.0
99,150.25,148.83142657741112,-1.0,-1.0,996375.0,-1.0,-1.0,998130.0,-1.0,-1.0,1017975.0
100,151.95,150.4314882949007,-1.0,-1.0,996290.0,-1.0,0.0,998130.0,-1.0,-1.0,1018060.0
101,152.25,152.06524306468015,-1.0,-1.0,996240.0,-1.0,0.0,998130.0,-1.0,-1.0,1018175.0
102,152.5,152.23966697351628,-1.0,-1.0,996695.0,-1.0,0.0,998130.0,-1.0,-1.0,1017795.0
103,152.0,152.06064428450614,1.0,1.0,996445.0,1.0,1.0,997880.0,-1.0,-1.0,1017750.0
104,151.67,151.76256068813447,1.0,1.0,997385.0,1.0,0.0,997880.0,-1.0,-1.0,1018775.0
105,153.7,152.704307078334,-1.0,-1.0,997460.0,-1.0,-1.0,997955.0,-1.0,-1.0,1018775.0
106,153.69,153.7098572125327,1.0,1.0,997140.0,1.0,1.0,997635.0,-1.0,-1.0,1018525.0
107,153.35,153.6486471627093,1.0,1.0,997065.0,1.0,0.0,997635.0,-1.0,-1.0,1018600.0
108,153.59,153.32786546359262,-1.0,-1.0,996590.0,-1.0,-1.0,997160.0,-1.0,-1.0,1019270.0
109,154.5,153.76727039940903,-1.0,-1.0,998990.0,-1.0,0.0,997160.0,-1.0,-1.0,1016850.0
110,148.4,153.7162063807517,1.0,1.0,999190.0,1.0,1.0,997360.0,-1.0,-1.0,1016400.0
111,148.82,150.13157376845186,1.0,1.0,1000265.0,1.0,0.0,997360.0,-1.0,-1.0,1017485.0
112,151.36,151.7634732872824,1.0,1.0,999385.0,1.0,0.0,997360.0,-1.0,-1.0,1016800.0
113,148.05,146.95701163408975,-1.0,-1.0,998510.0,-1.0,-1.0,996485.0,-1.0,-1.0,1016900.0
114,149.64,149.71468021695642,1.0,1.0,999140.0,1.0,1.0,997115.0,-1.0,-1.0,1017450.0
115,151.0,151.08684225994696,1.0,1.0,1000130.0,1.0,0.0,997115.0,-1.0,-1.0,1018490.0
116,153.16,151.07209367495724,-1.0,-1.0,1000600.0,-1.0,-1.0,997585.0,-1.0,-1.0,1018110.0
117,151.9,152.16613741958597,1.0,1.0,1001560.0,1.0,1.0,998545.0,-1.0,-1.0,1018910.0
118,153.92,153.7763083045788,-1.0,-1.0,1001780.0,-1.0,-1.0,998765.0,-1.0,-1.0,1018740.0
119,153.47,153.57101163438304,1.0,1.0,1002595.0,1.0,1.0,999580.0,-1.0,-1.0,1019550.0
120,155.54,154.35992733887034,-1.0,-1.0,1003485.0,-1.0,-1.0,1000470.0,-1.0,-1.0,1018880.0
121,153.66,153.28233050436958,-1.0,-1.0,1005050.0,-1.0,0.0,1000470.0,-1.0,-1.0,1017265.0
122,150.2,153.85003390162584,1.0,1.0,1006740.0,1.0,1.0,1002160.0,-1.0,-1.0,1018790.0
123,153.4,153.44608163770044,1.0,1.0,1005540.0,1.0,0.0,1002160.0,-1.0,-1.0,1017500.0
124,150.88,150.06759844628414,-1.0,-1.0,1005550.0,-1.0,-1.0,1002170.0,-1.0,-1.0,1017430.0
125,151.25,151.02778552858192,-1.0,-1.0,1006960.0,-1.0,0.0,1002170.0,-1.0,-1.0,1016215.0
126,148.3,150.91520272424546,1.0,1.0,1007990.0,1.0,1.0,1003200.0,-1.0,-1.0,1017180.0
127,150.36,151.0801067815975,1.0,1.0,1007220.0,1.0,0.0,1003200.0,-1.0,-1.0,1016410.0
128,148.5,147.88440658683655,-1.0,-1.0,1005730.0,-1.0,-1.0,1001710.0,-1.0,-1.0,1017740.0
129,152.0,150.3006429029775,-1.0,-1.0,1004970.0,-1.0,0.0,1001710.0,-1.0,-1.0,1018760.0
130,153.6,151.6873270016955,-1.0,-1.0,1004170.0,-1.0,0.0,1001710.0,-1.0,-1.0,1019600.0
131,155.48,153.66593697426774,-1.0,-1.0,1002455.0,-1.0,0.0,1001710.0,-1.0,-1.0,1021455.0
132,158.95,155.27390517042986,-1.0,-1.0,1002315.0,-1.0,0.0,1001710.0,-1.0,-1.0,1021615.0
133,159.3,159.09238064467772,-1.0,-1.0,1001915.0,-1.0,0.0,1001710.0,-1.0,-1.0,1022050.0
134,160.03,159.31788219186276,-1.0,-1.0,1001745.0,-1.0,0.0,1001710.0,-1.0,-1.0,1022185.0
135,160.55,160.27926344441605,-1.0,-1.0,1000545.0,-1.0,0.0,1001710.0,-1.0,-1.0,1023475.0
136,163.3,161.66319143137432,-1.0,-1.0,999950.0,-1.0,0.0,1001710.0,-1.0,-1.0,1024245.0
137,164.5,163.02439370957077,-1.0,-1.0,999955.0,-1.0,0.0,1001710.0,-1.0,-1.0,1024245.0
138,164.75,164.71865658890195,-1.0,-1.0,1000090.0,-1.0,0.0,1001710.0,-1.0,-1.0,1024240.0
139,164.43,164.58035924849074,1.0,1.0,1000470.0,1.0,1.0,1002090.0,-1.0,-1.0,1024595.0
140,165.25,164.57054014822356,-1.0,-1.0,1000345.0,-1.0,-1.0,1001965.0,-1.0,-1.0,1024750.0
141,165.5,165.35838488333027,-1.0,-1.0,997545.0,-1.0,0.0,1001965.0,-1.0,-1.0,1027550.0
142,171.6,165.59539085989115,-1.0,-1.0,998455.0,-1.0,0.0,1001965.0,-1.0,-1.0,1026890.0
143,170.0,171.0426815509105,1.0,1.0,999695.0,1.0,1.0,1003205.0,-1.0,-1.0,1028240.0
144,172.37,172.5788122433752,1.0,1.0,997915.0,1.0,0.0,1003205.0,-1.0,-1.0,1026405.0
145,170.5,170.7852772570914,1.0,1.0,998035.0,1.0,0.0,1003205.0,-1.0,-1.0,1027370.0
146,170.35,170.8171522091019,1.0,1.0,997435.0,1.0,0.0,1003205.0,-1.0,-1.0,1026575.0
147,169.4,170.94221719843324,1.0,1.0,997035.0,1.0,0.0,1003205.0,-1.0,-1.0,1026300.0
148,169.0,169.3124380620573,1.0,1.0,997360.0,1.0,0.0,1003205.0,-1.0,-1.0,1026825.0
149,170.0,170.95958649128565,1.0,1.0,998360.0,1.0,0.0,1003205.0,-1.0,-1.0,1028000.0
150,172.22,170.6170859033971,-1.0,-1.0,999170.0,-1.0,-1.0,1004015.0,-1.0,-1.0,1027300.0
151,170.5,169.5846040270817,-1.0,-1.0,998895.0,-1.0,0.0,1004015.0,-1.0,-1.0,1027525.0
152,170.69,170.7271553988426,1.0,1.0,996840.0,1.0,1.0,1001960.0,-1.0,-1.0,1025290.0
153,166.56,171.22412833795136,1.0,1.0,997635.0,1.0,0.0,1001960.0,-1.0,-1.0,1026075.0
154,169.2,170.45877614368908,1.0,1.0,998530.0,1.0,0.0,1001960.0,-1.0,-1.0,1027495.0
155,171.25,169.84956435339504,-1.0,-1.0,998705.0,-1.0,-1.0,1002135.0,-1.0,-1.0,1027450.0
156,171.05,171.24235306842527,1.0,1.0,998050.0,1.0,1.0,1001480.0,-1.0,-1.0,1026870.0
157,170.0,170.75733249132887,1.0,1.0,996430.0,1.0,0.0,1001480.0,-1.0,-1.0,1025380.0
158,167.02,169.81084730786182,1.0,1.0,996620.0,1.0,0.0,1001480.0,-1.0,-1.0,1025700.0
159,167.0,166.94852775471006,-1.0,-1.0,996200.0,-1.0,-1.0,1001060.0,-1.0,-1.0,1025920.0
160,168.25,167.51777885947953,-1.0,-1.0,995425.0,-1.0,0.0,1001060.0,-1.0,-1.0,1026900.0
161,169.5,169.302255114777,-1.0,-1.0,996065.0,-1.0,0.0,1001060.0,-1.0,-1.0,1026110.0
162,169.15,169.60297152208352,1.0,1.0,995250.0,1.0,1.0,1000245.0,-1.0,-1.0,1025760.0
163,167.88,168.3984752114376,1.0,1.0,994350.0,1.0,0.0,1000245.0,-1.0,-1.0,1025040.0
164,166.0,167.7236833434077,1.0,1.0,994575.0,1.0,0.0,1000245.0,-1.0,-1.0,1025225.0
165,165.4,166.16404485878783,1.0,1.0,996045.0,1.0,0.0,1000245.0,-1.0,-1.0,1026170.0
166,168.5,168.01144755441135,-1.0,-1.0,995365.0,-1.0,-1.0,999565.0,-1.0,-1.0,1026930.0
167,170.23,168.556673192752,-1.0,-1.0,994480.0,-1.0,0.0,999565.0,-1.0,-1.0,1028000.0
168,172.02,170.0241322545003,-1.0,-1.0,994395.0,-1.0,0.0,999565.0,-1.0,-1.0,1028095.0
169,171.8,172.1209544797761,1.0,1.0,993890.0,1.0,1.0,999060.0,-1.0,-1.0,1027395.0
170,171.11,171.27659051887235,1.0,1.0,994235.0,1.0,0.0,999060.0,-1.0,-1.0,1027900.0
171,171.95,171.4220162595631,-1.0,-1.0,993645.0,-1.0,-1.0,998470.0,-1.0,-1.0,1028565.0
172,172.98,172.6804943824077,-1.0,-1.0,994660.0,-1.0,0.0,998470.0,-1.0,-1.0,1027475.0
173,172.08,172.6008770489559,1.0,1.0,995375.0,1.0,1.0,999185.0,-1.0,-1.0,1028755.0
174,173.95,173.06849302617866,-1.0,-1.0,995875.0,-1.0,-1.0,999685.0,-1.0,-1.0,1028475.0
175,172.93,172.71844704812233,-1.0,-1.0,995885.0,-1.0,0.0,999685.0,-1.0,-1.0,1028455.0
176,172.9,173.0981891691737,1.0,1.0,994710.0,1.0,1.0,998510.0,-1.0,-1.0,1027275.0
177,171.19,173.11072732986509,1.0,1.0,994865.0,1.0,0.0,998510.0,-1.0,-1.0,1027750.0
178,172.07,172.81090621678288,1.0,1.0,994105.0,1.0,0.0,998510.0,-1.0,-1.0,1027275.0
179,170.4,170.7867115328925,1.0,1.0,995055.0,1.0,0.0,998510.0,-1.0,-1.0,1028150.0
180,172.41,172.14537830673933,-1.0,-1.0,995210.0,-1.0,-1.0,998665.0,-1.0,-1.0,1028050.0
181,172.5,172.4653803415641,-1.0,-1.0,995960.0,-1.0,0.0,998665.0,-1.0,-1.0,1027500.0
182,170.72,171.89578313172623,1.0,1.0,995600.0,1.0,1.0,998305.0,-1.0,-1.0,1027000.0
183,169.99,171.1491375352174,1.0,1.0,992255.0,1.0,0.0,998305.0,-1.0,-1.0,1023650.0
184,163.3,170.1025609051956,1.0,1.0,992805.0,1.0,0.0,998305.0,-1.0,-1.0,1024200.0
185,164.99,163.4852577273413,-1.0,-1.0,991350.0,-1.0,-1.0,996850.0,-1.0,-1.0,1025950.0
186,167.42,167.80236114273112,1.0,1.0,992050.0,1.0,1.0,997550.0,-1.0,-1.0,1026410.0
187,169.25,168.11066110975412,-1.0,-1.0,991230.0,-1.0,-1.0,996730.0,-1.0,-1.0,1027445.0
188,171.05,168.97755932160803,-1.0,-1.0,992015.0,-1.0,0.0,996730.0,-1.0,-1.0,1026740.0
189,169.9,169.4372660553254,-1.0,-1.0,991985.0,-1.0,0.0,996730.0,-1.0,-1.0,1026980.0
190,170.23,169.67824149466773,-1.0,-1.0,992825.0,-1.0,0.0,996730.0,-1.0,-1.0,1026275.0
191,168.55,169.86762260479838,1.0,1.0,994005.0,1.0,1.0,997910.0,-1.0,-1.0,1027455.0
192,171.04,171.12879825337185,1.0,1.0,994560.0,1.0,0.0,997910.0,-1.0,-1.0,1028075.0
193,172.36,171.0979448097129,-1.0,-1.0,994480.0,-1.0,-1.0,997830.0,-1.0,-1.0,1028260.0
194,173.0,172.31555611425884,-1.0,-1.0,995155.0,-1.0,0.0,997830.0,-1.0,-1.0,1027825.0
195,171.6,171.83283269443345,1.0,1.0,995655.0,1.0,1.0,998330.0,-1.0,-1.0,1028300.0
196,172.7,172.02326968791962,-1.0,-1.0,995685.0,-1.0,-1.0,998360.0,-1.0,-1.0,1028320.0
197,173.08,172.73172080559212,-1.0,-1.0,995255.0,-1.0,0.0,998360.0,-1.0,-1.0,1028970.0
198,174.15,172.86099620084005,-1.0,-1.0,994930.0,-1.0,0.0,998360.0,-1.0,-1.0,1029400.0
199,174.45,174.11650435686076,-1.0,-1.0,993955.0,-1.0,0.0,998360.0,-1.0,-1.0,1030200.0
200,176.49,174.93632321286177,-1.0,-1.0,994250.0,-1.0,0.0,998360.0,-1.0,-1.0,1029950.0
201,175.24,175.2536599380146,1.0,1.0,993880.0,1.0,1.0,997990.0,-1.0,-1.0,1029250.0
202,175.05,175.47815505983613,1.0,1.0,993825.0,1.0,0.0,997990.0,-1.0,-1.0,1029470.0
203,175.1,175.28217865479328,1.0,1.0,992090.0,1.0,0.0,997990.0,-1.0,-1.0,1027815.0
204,171.7,174.97406732733887,1.0,1.0,992140.0,1.0,0.0,997990.0,-1.0,-1.0,1027900.0
205,171.85,171.8115571215118,-1.0,-1.0,992625.0,-1.0,-1.0,998475.0,-1.0,-1.0,1027440.0
206,171.36,171.95151379859854,1.0,1.0,993570.0,1.0,1.0,999420.0,-1.0,-1.0,1028625.0
207,173.53,172.7863445420211,-1.0,-1.0,991425.0,-1.0,-1.0,997275.0,-1.0,-1.0,1030910.0
208,178.0,173.41792924176957,-1.0,-1.0,990455.0,-1.0,0.0,997275.0,-1.0,-1.0,1031970.0
209,180.27,177.91938989856445,-1.0,-1.0,990170.0,-1.0,0.0,997275.0,-1.0,-1.0,1032420.0
210,181.0,180.0279145895123,-1.0,-1.0,991045.0,-1.0,0.0,997275.0,-1.0,-1.0,1031625.0
211,179.34,178.53557280707614,-1.0,-1.0,991190.0,-1.0,0.0,997275.0,-1.0,-1.0,1031525.0
212,179.05,178.96247432099958,-1.0,-1.0,991325.0,-1.0,0.0,997275.0,-1.0,-1.0,1031390.0
213,179.24,179.14896174404097,-1.0,-1.0,990800.0,-1.0,0.0,997275.0,-1.0,-1.0,1032145.0
214,180.33,179.62923716422745,-1.0,-1.0,990965.0,-1.0,0.0,997275.0,-1.0,-1.0,1032000.0
215,179.8,179.95735050267305,1.0,1.0,990845.0,1.0,1.0,997155.0,-1.0,-1.0,1031780.0
216,179.6,180.1198065042322,1.0,1.0,990695.0,1.0,0.0,997155.0,-1.0,-1.0,1031650.0
217,179.3,179.66946683944556,1.0,1.0,990070.0,1.0,0.0,997155.0,-1.0,-1.0,1031025.0
218,178.62,179.4689278515381,1.0,1.0,990085.0,1.0,0.0,997155.0,-1.0,-1.0,1031325.0
219,179.0,179.32101936854883,1.0,1.0,989510.0,1.0,0.0,997155.0,-1.0,-1.0,1030925.0
220,177.68,178.17801719962526,1.0,1.0,989995.0,1.0,0.0,997155.0,-1.0,-1.0,1031325.0
221,179.0,178.7187425303705,-1.0,-1.0,989675.0,-1.0,-1.0,996835.0,-1.0,-1.0,1031820.0
222,179.74,179.30937914551063,-1.0,-1.0,990120.0,-1.0,0.0,996835.0,-1.0,-1.0,1031425.0
223,179.0,178.68094623572617,-1.0,-1.0,990250.0,-1.0,0.0,996835.0,-1.0,-1.0,1031370.0
224,178.87,178.92605912571582,1.0,1.0,991755.0,1.0,1.0,998340.0,-1.0,-1.0,1032940.0
225,181.99,180.79812636167466,-1.0,-1.0,992400.0,-1.0,-1.0,998985.0,-1.0,-1.0,1032350.0
226,181.0,180.50422009299564,-1.0,-1.0,991575.0,-1.0,0.0,998985.0,-1.0,-1.0,1033325.0
227,182.87,181.80715082258186,-1.0,-1.0,991550.0,-1.0,0.0,998985.0,-1.0,-1.0,1033460.0
228,183.0,182.91263432313062,-1.0,-1.0,991875.0,-1.0,0.0,998985.0,-1.0,-1.0,1033175.0
229,182.37,182.25600744859676,-1.0,-1.0,995435.0,-1.0,0.0,998985.0,-1.0,-1.0,1029625.0
230,175.99,182.49153878323304,1.0,1.0,995970.0,1.0,1.0,999520.0,-1.0,-1.0,1030530.0
231,177.0,175.22093437183426,-1.0,-1.0,996970.0,-1.0,-1.0,1000520.0,-1.0,-1.0,1029500.0
232,176.16,176.16412106036296,1.0,1.0,994600.0,1.0,1.0,998150.0,-1.0,-1.0,1027710.0
233,171.0,174.4382165653412,1.0,1.0,995645.0,1.0,0.0,998150.0,-1.0,-1.0,1028545.0
234,172.35,171.64696726542252,-1.0,-1.0,993565.0,-1.0,-1.0,996070.0,-1.0,-1.0,1030255.0
235,176.8,175.19148324619314,-1.0,-1.0,991830.0,-1.0,0.0,996070.0,-1.0,-1.0,1032135.0
236,180.52,176.61586742324218,-1.0,-1.0,992465.0,-1.0,0.0,996070.0,-1.0,-1.0,1031625.0
237,179.58,180.44567683448943,1.0,1.0,992295.0,1.0,1.0,995900.0,-1.0,-1.0,1031620.0
238,178.9,179.41096816971037,1.0,1.0,991325.0,1.0,0.0,995900.0,-1.0,-1.0,1030480.0
239,177.1,178.83340936169506,1.0,1.0,992050.0,1.0,0.0,995900.0,-1.0,-1.0,1031275.0
240,178.87,178.4113968713256,-1.0,-1.0,992320.0,-1.0,-1.0,996170.0,-1.0,-1.0,1031165.0
241,178.82,178.7020625970318,-1.0,-1.0,991625.0,-1.0,0.0,996170.0,-1.0,-1.0,1032105.0
242,180.25,179.32151471756595,-1.0,-1.0,991410.0,-1.0,0.0,996170.0,-1.0,-1.0,1032340.0
243,181.0,181.30681061144537,1.0,1.0,990700.0,1.0,1.0,995460.0,-1.0,-1.0,1031790.0
244,179.93,180.0007477236708,1.0,1.0,989635.0,1.0,0.0,995460.0,-1.0,-1.0,1030900.0
245,177.47,179.76864247777732,1.0,1.0,989690.0,1.0,0.0,995460.0,-1.0,-1.0,1030790.0
246,177.75,178.0172140306407,1.0,1.0,989315.0,1.0,0.0,995460.0,-1.0,-1.0,1030500.0
247,176.89,177.75440382482122,1.0,1.0,989020.0,1.0,0.0,995460.0,-1.0,-1.0,1030150.0
248,176.25,176.65999679103507,1.0,1.0,989720.0,1.0,0.0,995460.0,-1.0,-1.0,1030825.0
249,178.27,177.91225675028713,-1.0,-1.0,989955.0,-1.0,-1.0,995695.0,-1.0,-1.0,1030900.0
250,178.1,177.93179251658884,-1.0,-1.0,990805.0,-1.0,0.0,995695.0,-1.0,-1.0,1030200.0
251,176.45,176.95939806431443,1.0,1.0,993420.0,1.0,1.0,998310.0,-1.0,-1.0,1032840.0
252,181.81,178.211931058241,-1.0,-1.0,992070.0,-1.0,-1.0,996960.0,-1.0,-1.0,1034255.0
253,184.99,181.87821658636406,-1.0,-1.0,992205.0,-1.0,0.0,996960.0,-1.0,-1.0,1034360.0
254,184.99,184.6981060628391,-1.0,-1.0,991200.0,-1.0,0.0,996960.0,-1.0,-1.0,1035500.0
255,186.9,186.68152940701216,-1.0,-1.0,990685.0,-1.0,0.0,996960.0,-1.0,-1.0,1035965.0
256,188.25,187.22930565142053,-1.0,-1.0,991015.0,-1.0,0.0,996960.0,-1.0,-1.0,1035795.0
257,187.0,188.0966532621675,1.0,1.0,991540.0,1.0,1.0,997485.0,-1.0,-1.0,1036025.0
258,188.2,187.75462522322803,-1.0,-1.0,991800.0,-1.0,-1.0,997745.0,-1.0,-1.0,1035840.0
259,187.0,187.01116635733342,1.0,1.0,988225.0,1.0,1.0,994170.0,-1.0,-1.0,1031925.0
260,182.0,187.54426552536907,1.0,1.0,986235.0,1.0,0.0,994170.0,-1.0,-1.0,1031010.0
261,179.3,180.05121953712,1.0,1.0,985485.0,1.0,0.0,994170.0,-1.0,-1.0,1030900.0
262,177.8,178.42101895065196,1.0,1.0,986385.0,1.0,0.0,994170.0,-1.0,-1.0,1031800.0
263,179.99,181.49527636488037,1.0,1.0,987040.0,1.0,0.0,994170.0,-1.0,-1.0,1032650.0
264,180.7,181.14795458184793,1.0,1.0,989700.0,1.0,0.0,994170.0,-1.0,-1.0,1035010.0
265,186.19,181.4963192702355,-1.0,-1.0,988290.0,-1.0,-1.0,992760.0,-1.0,-1.0,1036505.0
266,189.01,186.18600039489436,-1.0,-1.0,989225.0,-1.0,0.0,992760.0,-1.0,-1.0,1035570.0
267,187.1,187.4025399969386,1.0,1.0,989415.0,1.0,1.0,992950.0,-1.0,-1.0,1035740.0
268,187.49,187.31526050202805,-1.0,-1.0,988215.0,-1.0,-1.0,991750.0,-1.0,-1.0,1036945.0
269,189.85,187.61036216699836,-1.0,-1.0,990020.0,-1.0,0.0,991750.0,-1.0,-1.0,1035120.0
270,185.94,187.8771246224002,1.0,1.0,990625.0,1.0,1.0,992355.0,-1.0,-1.0,1035575.0
271,187.88,187.5755317146062,-1.0,-1.0,989815.0,-1.0,-1.0,991545.0,-1.0,-1.0,1036750.0
272,190.01,187.53811808377978,-1.0,-1.0,987985.0,-1.0,0.0,991545.0,-1.0,-1.0,1038835.0
273,193.03,190.00490988464995,-1.0,-1.0,989750.0,-1.0,0.0,991545.0,-1.0,-1.0,1036750.0
274,188.94,189.58209382564152,1.0,1.0,985080.0,1.0,1.0,986875.0,-1.0,-1.0,1031800.0
275,179.25,189.62908658269248,1.0,1.0,987980.0,1.0,0.0,986875.0,-1.0,-1.0,1034525.0
276,185.05,187.0202268235968,1.0,1.0,985255.0,1.0,0.0,986875.0,-1.0,-1.0,1031800.0
277,180.5,179.6202186638428,-1.0,-1.0,989255.0,-1.0,-1.0,990875.0,-1.0,-1.0,1028250.0
278,172.5,179.7781234763248,1.0,1.0,991255.0,1.0,1.0,992875.0,-1.0,-1.0,1030250.0
279,177.49,179.6995595229715,1.0,1.0,990535.0,1.0,0.0,992875.0,-1.0,-1.0,1030025.0
280,176.55,176.78686195728733,1.0,1.0,989160.0,1.0,0.0,992875.0,-1.0,-1.0,1028900.0
281,174.7,173.42958363495651,-1.0,-1.0,986860.0,-1.0,-1.0,990575.0,-1.0,-1.0,1031650.0
282,179.99,176.86399482072162,-1.0,-1.0,986755.0,-1.0,0.0,990575.0,-1.0,-1.0,1032100.0
283,180.5,179.456014264008,-1.0,-1.0,988410.0,-1.0,0.0,990575.0,-1.0,-1.0,1030595.0
284,176.6,178.77200733380565,1.0,1.0,988285.0,1.0,1.0,990450.0,-1.0,-1.0,1030175.0
285,176.0,177.32745505225293,1.0,1.0,988800.0,1.0,0.0,990450.0,-1.0,-1.0,1030515.0
286,177.03,176.5458671154952,-1.0,-1.0,987565.0,-1.0,-1.0,989215.0,-1.0,-1.0,1031750.0
287,179.95,177.71620164761416,-1.0,-1.0,985890.0,-1.0,0.0,989215.0,-1.0,-1.0,1033650.0
288,183.88,179.71134703910195,-1.0,-1.0,985320.0,-1.0,0.0,989215.0,-1.0,-1.0,1034510.0
289,184.06,183.52827221810495,-1.0,-1.0,986475.0,-1.0,0.0,989215.0,-1.0,-1.0,1032875.0
290,181.75,181.9930353844618,1.0,1.0,985150.0,1.0,1.0,987890.0,-1.0,-1.0,1031550.0
291,179.11,180.15897663642363,1.0,1.0,983720.0,1.0,0.0,987890.0,-1.0,-1.0,1030125.0
292,176.05,179.20215315121655,1.0,1.0,984095.0,1.0,0.0,987890.0,-1.0,-1.0,1030400.0
293,176.6,176.4569388652244,-1.0,-1.0,982195.0,-1.0,-1.0,985990.0,-1.0,-1.0,1032200.0
294,181.01,178.774608205551,-1.0,-1.0,984070.0,-1.0,0.0,985990.0,-1.0,-1.0,1030630.0
295,177.71,179.45900024103526,1.0,1.0,986840.0,1.0,1.0,988760.0,-1.0,-1.0,1033625.0
296,183.8,178.82078851642345,-1.0,-1.0,987520.0,-1.0,-1.0,989440.0,-1.0,-1.0,1033220.0
297,182.5,183.46243878421743,1.0,1.0,988520.0,1.0,1.0,990440.0,-1.0,-1.0,1034250.0
298,185.06,184.51971590330172,-1.0,-1.0,988725.0,-1.0,-1.0,990645.0,-1.0,-1.0,1034325.0
299,185.0,184.68456007731774,-1.0,-1.0,990525.0,-1.0,0.0,990645.0,-1.0,-1.0,1032700.0
300,182.23,183.5639274182961,1.0,1.0,991410.0,1.0,1.0,991530.0,-1.0,-1.0,1034000.0
301,184.13,182.89900202552408,-1.0,-1.0,991385.0,-1.0,-1.0,991505.0,-1.0,-1.0,1034090.0
302,184.18,184.13239213473034,-1.0,-1.0,990875.0,-1.0,0.0,991505.0,-1.0,-1.0,1034600.0
303,184.0,184.3204483019086,1.0,1.0,983875.0,1.0,1.0,984505.0,-1.0,-1.0,1027000.0
304,170.21,184.17809710891478,1.0,1.0,982170.0,1.0,0.0,984505.0,-1.0,-1.0,1025400.0
305,166.24,170.45331490632958,1.0,1.0,983850.0,1.0,0.0,984505.0,-1.0,-1.0,1026800.0
306,169.6,170.20692949000986,1.0,1.0,980405.0,1.0,0.0,984505.0,-1.0,-1.0,1023355.0
307,162.7,157.44281453551164,-1.0,-1.0,982205.0,-1.0,-1.0,986305.0,-1.0,-1.0,1021550.0
308,155.45,162.74421399087933,1.0,1.0,984280.0,1.0,1.0,988380.0,-1.0,-1.0,1021800.0
309,159.8,159.86771964727527,1.0,1.0,980220.0,1.0,0.0,988380.0,-1.0,-1.0,1017840.0
310,151.5,153.36030625321828,1.0,1.0,981385.0,1.0,0.0,988380.0,-1.0,-1.0,1018915.0
311,154.01,153.88778453502144,-1.0,-1.0,978365.0,-1.0,-1.0,985360.0,-1.0,-1.0,1022025.0
312,160.0,157.8503890936671,-1.0,-1.0,980415.0,-1.0,0.0,985360.0,-1.0,-1.0,1019950.0
313,157.49,158.38587650647813,1.0,1.0,979385.0,1.0,1.0,984330.0,-1.0,-1.0,1019715.0
314,153.0,155.9151600367236,1.0,1.0,982750.0,1.0,0.0,984330.0,-1.0,-1.0,1021865.0
315,159.73,157.18795602075716,-1.0,-1.0,984280.0,-1.0,-1.0,985860.0,-1.0,-1.0,1020335.0
316,156.8,157.78943520151293,1.0,1.0,984530.0,1.0,1.0,986110.0,-1.0,-1.0,1020650.0
317,158.79,159.39970191517926,1.0,1.0,983425.0,1.0,0.0,986110.0,-1.0,-1.0,1020290.0
318,159.0,157.296945403613,-1.0,-1.0,980635.0,-1.0,-1.0,983320.0,-1.0,-1.0,1024290.0
319,164.42,159.70310174378238,-1.0,-1.0,979520.0,-1.0,0.0,983320.0,-1.0,-1.0,1025325.0
320,166.65,164.67640074818618,-1.0,-1.0,981060.0,-1.0,0.0,983320.0,-1.0,-1.0,1023785.0
321,163.6,162.04770356062838,-1.0,-1.0,980510.0,-1.0,0.0,983320.0,-1.0,-1.0,1024350.0
322,165.01,163.66264157355454,-1.0,-1.0,980315.0,-1.0,0.0,983320.0,-1.0,-1.0,1024700.0
323,165.5,164.80550608825675,-1.0,-1.0,978865.0,-1.0,0.0,983320.0,-1.0,-1.0,1026200.0
324,169.0,165.48493798440734,-1.0,-1.0,979965.0,-1.0,0.0,983320.0,-1.0,-1.0,1025400.0
325,166.4,166.78230389912684,1.0,1.0,980815.0,1.0,1.0,984170.0,-1.0,-1.0,1026050.0
326,167.01,166.94063272500344,-1.0,-1.0,980970.0,-1.0,-1.0,984325.0,-1.0,-1.0,1025350.0
327,166.5,167.19097614863307,1.0,1.0,980545.0,1.0,1.0,983900.0,-1.0,-1.0,1024825.0
328,166.8,166.8511511940455,1.0,1.0,977280.0,1.0,0.0,983900.0,-1.0,-1.0,1022135.0
329,160.0,165.79167119558088,1.0,1.0,982980.0,1.0,0.0,983900.0,-1.0,-1.0,1027700.0
330,169.07,166.4205474707578,-1.0,-1.0,979765.0,-1.0,-1.0,980685.0,-1.0,-1.0,1029750.0
331,176.0,171.35203328959187,-1.0,-1.0,980915.0,-1.0,0.0,980685.0,-1.0,-1.0,1028850.0
332,174.11,175.65483778413787,1.0,1.0,979825.0,1.0,1.0,979595.0,-1.0,-1.0,1027965.0
333,172.3,171.52551964484894,-1.0,-1.0,978835.0,-1.0,-1.0,978605.0,-1.0,-1.0,1029140.0
334,175.0,172.05605891687892,-1.0,-1.0,978275.0,-1.0,0.0,978605.0,-1.0,-1.0,1030060.0
335,176.25,174.39803682626584,-1.0,-1.0,979225.0,-1.0,0.0,978605.0,-1.0,-1.0,1029175.0
336,174.11,173.91007956083874,-1.0,-1.0,977905.0,-1.0,0.0,978605.0,-1.0,-1.0,1030375.0
337,177.2,177.61964111653262,1.0,1.0,978270.0,1.0,1.0,978970.0,-1.0,-1.0,1030965.0
338,177.75,176.8477150854477,-1.0,-1.0,977695.0,-1.0,-1.0,978395.0,-1.0,-1.0,1031450.0
339,178.85,178.1263578027631,-1.0,-1.0,975670.0,-1.0,0.0,978395.0,-1.0,-1.0,1033450.0
340,182.95,181.27436327900227,-1.0,-1.0,974545.0,-1.0,0.0,978395.0,-1.0,-1.0,1034600.0
341,185.1,183.0602675936675,-1.0,-1.0,973610.0,-1.0,0.0,978395.0,-1.0,-1.0,1035485.0
342,187.5,185.35970365259232,-1.0,-1.0,974085.0,-1.0,0.0,978395.0,-1.0,-1.0,1035275.0
343,185.6,186.29109918260102,1.0,1.0,973290.0,1.0,1.0,977600.0,-1.0,-1.0,1034005.0
344,183.91,184.78572154075346,1.0,1.0,972985.0,1.0,0.0,977600.0,-1.0,-1.0,1033650.0
345,182.67,184.1702964499658,1.0,1.0,973575.0,1.0,0.0,977600.0,-1.0,-1.0,1033925.0
346,184.0,183.53427311310665,-1.0,-1.0,974275.0,-1.0,-1.0,978300.0,-1.0,-1.0,1033300.0
347,183.84,183.98944877711668,1.0,1.0,974555.0,1.0,1.0,978580.0,-1.0,-1.0,1034200.0
348,184.6,184.0135670313845,-1.0,-1.0,974980.0,-1.0,-1.0,979005.0,-1.0,-1.0,1033875.0
349,182.75,182.72797554927448,-1.0,-1.0,972950.0,-1.0,0.0,979005.0,-1.0,-1.0,1035405.0
350,186.81,184.5675163853074,-1.0,-1.0,973355.0,-1.0,0.0,979005.0,-1.0,-1.0,1035000.0
351,185.6,185.31344455430988,-1.0,-1.0,973640.0,-1.0,0.0,979005.0,-1.0,-1.0,1034515.0
352,183.75,185.67736861975493,1.0,1.0,974535.0,1.0,1.0,979900.0,-1.0,-1.0,1034770.0
353,186.54,185.40945180377034,-1.0,-1.0,973995.0,-1.0,-1.0,979360.0,-1.0,-1.0,1035810.0
354,187.9,187.17682480855453,-1.0,-1.0,971820.0,-1.0,0.0,979360.0,-1.0,-1.0,1038125.0
355,192.26,187.69808404570472,-1.0,-1.0,970955.0,-1.0,0.0,979360.0,-1.0,-1.0,1038995.0
356,194.0,192.1779600784876,-1.0,-1.0,971365.0,-1.0,0.0,979360.0,-1.0,-1.0,1038590.0
357,193.25,193.6444354531158,1.0,1.0,971090.0,1.0,1.0,979085.0,-1.0,-1.0,1038350.0
358,191.6,192.20416624364827,1.0,1.0,970905.0,1.0,0.0,979085.0,-1.0,-1.0,1037615.0
359,191.6,192.7699004018427,1.0,1.0,969060.0,1.0,0.0,979085.0,-1.0,-1.0,1035955.0
360,186.6,191.37771594215891,1.0,1.0,969960.0,1.0,0.0,979085.0,-1.0,-1.0,1036200.0
361,188.4,187.98066063245423,-1.0,-1.0,968390.0,-1.0,-1.0,977515.0,-1.0,-1.0,1037770.0
362,191.8,190.74868101912747,-1.0,-1.0,967975.0,-1.0,0.0,977515.0,-1.0,-1.0,1038315.0
363,192.01,191.51508599509307,-1.0,-1.0,967805.0,-1.0,0.0,977515.0,-1.0,-1.0,1038175.0
364,192.0,191.80158565419129,-1.0,-1.0,965395.0,-1.0,0.0,977515.0,-1.0,-1.0,1040410.0
365,196.81,193.4032172123824,-1.0,-1.0,965975.0,-1.0,0.0,977515.0,-1.0,-1.0,1039825.0
366,195.0,194.1436530163459,-1.0,-1.0,964720.0,-1.0,0.0,977515.0,-1.0,-1.0,1040755.0
367,196.0,195.67133146143635,-1.0,-1.0,964040.0,-1.0,0.0,977515.0,-1.0,-1.0,1040680.0
368,197.99,197.4015333099084,-1.0,-1.0,961955.0,-1.0,0.0,977515.0,-1.0,-1.0,1043080.0
369,202.2,197.86329831018588,-1.0,-1.0,962505.0,-1.0,0.0,977515.0,-1.0,-1.0,1042550.0
370,201.66,202.01496432557778,1.0,1.0,962470.0,1.0,1.0,977480.0,-1.0,-1.0,1042795.0
371,200.25,200.31133365443497,1.0,1.0,960440.0,1.0,0.0,977480.0,-1.0,-1.0,1040095.0
372,197.3,198.74488156422956,1.0,1.0,961490.0,1.0,0.0,977480.0,-1.0,-1.0,1041700.0
373,198.0,199.7418255929714,1.0,1.0,960615.0,1.0,0.0,977480.0,-1.0,-1.0,1040125.0
374,197.1,197.86162857386535,1.0,1.0,960300.0,1.0,0.0,977480.0,-1.0,-1.0,1040235.0
375,197.5,196.28761060353656,-1.0,-1.0,961915.0,-1.0,-1.0,979095.0,-1.0,-1.0,1039135.0
376,193.5,196.15467831061915,1.0,1.0,962645.0,1.0,1.0,979825.0,-1.0,-1.0,1039480.0
377,195.3,196.01813081726527,1.0,1.0,961470.0,1.0,0.0,979825.0,-1.0,-1.0,1038475.0
378,193.42,193.09421232991733,-1.0,-1.0,959105.0,-1.0,-1.0,977460.0,-1.0,-1.0,1041075.0
379,198.45,195.988295616614,-1.0,-1.0,956970.0,-1.0,0.0,977460.0,-1.0,-1.0,1043360.0
380,204.21,198.1840041937188,-1.0,-1.0,956575.0,-1.0,0.0,977460.0,-1.0,-1.0,1044500.0
381,204.42,202.4941074569672,-1.0,-1.0,957985.0,-1.0,0.0,977460.0,-1.0,-1.0,1042800.0
382,201.82,201.31203653070762,-1.0,-1.0,957520.0,-1.0,0.0,977460.0,-1.0,-1.0,1043375.0
383,203.29,202.55363269440795,-1.0,-1.0,955555.0,-1.0,0.0,977460.0,-1.0,-1.0,1045610.0
384,207.5,202.71881632491977,-1.0,-1.0,955565.0,-1.0,0.0,977460.0,-1.0,-1.0,1045740.0
385,207.48,207.37112309408985,-1.0,-1.0,956555.0,-1.0,0.0,977460.0,-1.0,-1.0,1044750.0
386,205.2,206.2296475290632,1.0,1.0,959070.0,1.0,1.0,979975.0,-1.0,-1.0,1047115.0
387,210.0,208.888754812688,-1.0,-1.0,959380.0,-1.0,-1.0,980285.0,-1.0,-1.0,1046690.0
388,209.2,208.54390181768144,-1.0,-1.0,959730.0,-1.0,0.0,980285.0,-1.0,-1.0,1046250.0
389,208.66,208.9849737086905,1.0,1.0,960370.0,1.0,1.0,980925.0,-1.0,-1.0,1046970.0
390,209.88,209.063009804419,-1.0,-1.0,957995.0,-1.0,-1.0,978550.0,-1.0,-1.0,1049315.0
391,214.77,209.982005595373,-1.0,-1.0,957905.0,-1.0,0.0,978550.0,-1.0,-1.0,1049475.0
392,215.13,214.4920257855958,-1.0,-1.0,978720.0,-1.0,0.0,978550.0,-1.0,-1.0,1028750.0
393,184.87,214.44987449173573,1.0,1.0,975410.0,1.0,1.0,975240.0,-1.0,-1.0,1031125.0
394,179.7,172.96662931593133,-1.0,-1.0,978390.0,-1.0,-1.0,978220.0,-1.0,-1.0,1028870.0
395,174.75,179.31483694321722,1.0,1.0,976515.0,1.0,1.0,976345.0,-1.0,-1.0,1027500.0
396,171.25,168.48515518042637,-1.0,-1.0,975635.0,-1.0,-1.0,975465.0,-1.0,-1.0,1028505.0
397,173.06,171.30372437257094,-1.0,-1.0,976415.0,-1.0,0.0,975465.0,-1.0,-1.0,1027750.0
398,171.5,172.63194962322095,1.0,1.0,978890.0,1.0,1.0,977940.0,-1.0,-1.0,1030225.0
399,177.05,176.21262975111753,-1.0,-1.0,978550.0,-1.0,-1.0,977600.0,-1.0,-1.0,1030865.0
400,178.5,176.42917601455756,-1.0,-1.0,974980.0,-1.0,0.0,977600.0,-1.0,-1.0,1034820.0
401,186.99,177.49481615227805,-1.0,-1.0,976225.0,-1.0,0.0,977600.0,-1.0,-1.0,1034250.0
402,184.5,185.20820648831298,1.0,1.0,976650.0,1.0,1.0,978025.0,-1.0,-1.0,1034675.0
403,186.2,184.59344563462818,-1.0,-1.0,977875.0,-1.0,-1.0,979250.0,-1.0,-1.0,1033875.0
404,182.75,182.7884794733427,1.0,1.0,976635.0,1.0,1.0,978010.0,-1.0,-1.0,1032135.0
405,179.0,183.28125250095255,1.0,1.0,977335.0,1.0,0.0,978010.0,-1.0,-1.0,1032200.0
406,180.5,180.31582368221348,-1.0,-1.0,976935.0,-1.0,-1.0,977610.0,-1.0,-1.0,1032650.0
407,181.05,180.43096581994143,-1.0,-1.0,977535.0,-1.0,0.0,977610.0,-1.0,-1.0,1031925.0
408,179.99,181.23036047267342,1.0,1.0,974845.0,1.0,1.0,974920.0,-1.0,-1.0,1029305.0
409,174.62,179.96245541132282,1.0,1.0,974210.0,1.0,0.0,974920.0,-1.0,-1.0,1028675.0
410,174.4,175.15130125594564,1.0,1.0,973260.0,1.0,0.0,974920.0,-1.0,-1.0,1028250.0
411,172.9,173.44739730073454,1.0,1.0,972610.0,1.0,0.0,974920.0,-1.0,-1.0,1027800.0
412,172.07,172.59456868752181,1.0,1.0,973420.0,1.0,0.0,974920.0,-1.0,-1.0,1028845.0
413,173.9,174.05163893591103,1.0,1.0,972970.0,1.0,0.0,974920.0,-1.0,-1.0,1028500.0
414,173.0,173.4987063292305,1.0,1.0,973800.0,1.0,0.0,974920.0,-1.0,-1.0,1029330.0
415,175.5,173.4508875522727,-1.0,-1.0,972600.0,-1.0,-1.0,973720.0,-1.0,-1.0,1030950.0
416,177.9,175.02018588688065,-1.0,-1.0,973300.0,-1.0,0.0,973720.0,-1.0,-1.0,1030250.0
417,176.67,176.27133800363188,-1.0,-1.0,973765.0,-1.0,0.0,973720.0,-1.0,-1.0,1029870.0
418,175.2,175.59500972254853,1.0,1.0,974990.0,1.0,1.0,974945.0,-1.0,-1.0,1030825.0
