Date,Open,High,Low,Close,Volume,Mkt-RF,SMB,HML,RF,ADS_Index,FB
2016-01-04,104.44,104.44,99.75,102.31,345674,-1.59,-0.83,0.53,0.0,-0.323492325101839,0.0
2016-01-05,102.33,103.71,101.41,102.8,215313,0.12,-0.22,0.01,0.0,-0.310797437024161,0.0
2016-01-06,102.02,103.77,100.75,103.17,234525,-1.35,-0.12,0.0,0.0,-0.298987106731355,0.004976853307981661
2016-01-07,102.02,102.02,97.3,97.65,419638,-2.44,-0.29,0.08,0.0,-0.288059798455315,0.0023334769492895017
2016-01-08,99.0,100.5,97.03,97.18,325973,-1.11,-0.47,-0.03,0.0,-0.278014091252587,-0.05028689504104667
2016-01-11,97.8,98.79,95.39,97.65,279704,-0.06,-0.65,0.34,0.0,-0.253173984436268,-0.0060435113521282975
2016-01-12,97.51,99.96,97.51,99.67,263965,0.71,-0.4,-0.77,0.0,-0.246347485069564,0.0018476703706934842
2016-01-13,100.1,100.58,95.01,95.08,312869,-2.67,-0.7,0.78,0.0,-0.240081983531977,0.018895330075725393
2016-01-14,95.1,98.87,92.45,98.12,440052,1.65,-0.01,-0.41,0.0,-0.234376665082751,-0.04035248868823503
2016-01-15,97.17,97.17,93.52,94.75,424731,-2.14,0.42,-0.21,0.0,-0.229230787825098,0.030238111276534124
2016-01-19,94.97,97.42,93.92,95.2,289285,-0.2,-1.34,-0.07,0.0,-0.21613654844106,-0.035174847237266826
2016-01-20,94.61,95.0,89.37,94.94,556933,-0.94,1.85,-1.24,0.0,-0.216588563957986,0.00304895358338318
2016-01-21,94.35,95.99,92.62,94.4,285746,0.45,-0.49,0.01,0.0,-0.218834658597094,-0.009598765750994446
2016-01-22,94.9,98.25,94.9,98.25,286709,2.08,0.22,-0.19,0.0,-0.222875124431544,-0.002015745183986758
2016-01-25,98.49,99.48,96.8,96.82,304752,-1.71,-0.37,-0.98,0.0,-0.244867297582049,0.03935956126193287
2016-01-26,96.38,97.88,95.66,97.35,247920,1.52,0.38,1.22,0.0,-0.253596891941007,-0.009540980105213686
2016-01-27,97.35,107.2,94.23,105.85,414089,-1.11,-0.54,1.72,0.0,-0.262531422950104,0.0033958767226083438
2016-01-28,105.85,110.34,104.81,107.74,978817,0.49,-0.47,1.26,0.0,-0.271672052420009,-0.030139401127551074
2016-01-29,109.0,112.84,108.3,112.15,585885,2.57,0.46,0.37,0.0,-0.281019968961615,0.14428599464738945
2016-02-01,112.0,116.0,111.25,114.9,427938,-0.04,-0.21,-0.96,0.001,-0.311011814596584,0.028015549932843102
2016-02-02,114.5,117.59,113.2,114.59,561570,-2.0,-0.03,-0.34,0.001,-0.322543448601527,0.02534228946007716
2016-02-03,115.13,115.67,109.75,112.61,529095,0.46,-0.32,0.44,0.001,-0.334500761876999,-0.0041793269911404515
2016-02-04,113.35,113.68,109.22,109.3,360398,0.27,0.2,0.32,0.001,-0.346885309304187,-0.01689436552178836
2016-02-05,109.75,110.49,103.18,103.51,721996,-2.06,-1.1,1.75,0.001,-0.359698701320095,-0.01971570268816375
2016-02-08,103.0,103.51,97.46,99.0,665260,-1.51,-0.02,0.9,0.001,-0.399849346281849,-0.059861251374129905
2016-02-09,99.67,102.4,96.82,100.03,593589,-0.1,-0.47,-0.29,0.001,-0.412771931636941,-0.04239669387979513
2016-02-10,100.33,103.25,100.24,101.42,424809,0.01,-0.05,-0.56,0.001,-0.425388176375514,-0.002107472293352159
2016-02-11,100.99,105.11,98.65,102.22,413301,-1.17,0.5,-1.47,0.001,-0.437699721063566,0.014560933364638689
2016-02-12,102.8,104.24,101.09,101.87,338135,1.98,-0.54,1.14,0.001,-0.449708166645119,0.008969593249660875
2016-02-16,103.51,104.45,100.24,101.54,420697,1.78,0.55,-0.56,0.001,-0.494341842652542,0.00098075720942802
2016-02-17,101.89,105.72,100.4,105.67,415809,1.75,-0.05,-0.63,0.001,-0.504465246101979,-0.003928901961007356
2016-02-18,105.23,106.21,103.03,103.65,272398,-0.51,0.0,0.21,0.001,-0.514166067016379,0.03472130644715781
2016-02-19,103.71,105.02,102.06,104.59,303124,0.06,0.43,-0.62,0.001,-0.523445566851688,-0.016581546505002553
2016-02-22,105.54,108.25,105.34,106.82,666196,1.43,-0.27,0.24,0.001,-0.548760310987487,0.010574978329001177
2016-02-23,106.4,107.47,105.12,105.2,234584,-1.22,0.47,-0.52,0.001,-0.556528749324893,0.02446637839327093
2016-02-24,104.56,107.79,102.74,107.29,322002,0.53,0.68,-0.32,0.001,-0.56405170052005,-0.015991357383712747
2016-02-25,107.15,108.18,105.61,108.04,279188,1.1,-0.43,0.23,0.001,-0.571330142827436,0.013374957099417432
2016-02-26,108.23,109.45,107.16,107.75,249558,-0.01,0.82,0.26,0.001,-0.578365022706573,0.011072483595601342
2016-02-29,107.0,108.92,106.75,106.97,287671,-0.69,0.66,0.26,0.001,-0.597839330152202,-0.0013889719478199336
2016-03-01,107.56,110.0,107.56,109.97,251210,2.34,-0.64,0.3,0.001,-0.604041470844868,-0.009309320802110308
2016-03-02,110.4,110.55,108.77,109.9,241598,0.54,0.5,0.71,0.001,-0.610753143658137,0.026761789285582694
2016-03-03,110.16,110.3,108.54,109.56,199630,0.51,0.44,0.64,0.001,-0.617227167643294,0.0011830278649136302
2016-03-04,109.86,110.07,107.93,108.31,229415,0.37,0.27,0.28,0.001,-0.623464384656522,-0.0033707953538650403
2016-03-07,107.81,108.47,104.72,105.25,294023,0.21,1.21,0.54,0.001,-0.64027455470714,-0.010919069760059987
2016-03-08,105.0,107.37,104.4,106.0,238025,-1.27,-1.14,-0.49,0.001,-0.644658272969583,-0.0248471214831199
2016-03-09,106.25,107.6,105.49,107.57,192745,0.5,0.04,0.38,0.001,-0.648383336158739,0.0018897954898094635
2016-03-10,107.84,108.66,105.76,107.26,231553,-0.11,-0.81,0.63,0.001,-0.651450228666923,0.014805386491652323
2016-03-11,108.44,109.42,107.92,109.2,191408,1.69,0.27,0.19,0.001,-0.653859349300569,-0.0017688595426338688
2016-03-14,108.57,110.33,108.57,109.88,161921,-0.12,-0.07,-0.87,0.001,-0.657079603927483,0.01928730449100393
2016-03-15,109.56,110.83,108.84,110.73,326026,-0.36,-1.43,0.67,0.001,-0.656793665850757,0.0043775263103962925
2016-03-16,110.72,112.5,110.1,112.3,229238,0.63,0.1,-0.04,0.001,-0.655847591128177,0.007072925846125383
2016-03-17,112.5,112.69,110.73,111.12,221752,0.72,0.84,0.58,0.001,-0.65424125673597,0.013551941875241839
2016-03-18,111.34,112.42,110.27,111.36,292741,0.54,0.34,-0.19,0.001,-0.651974453792838,-0.010394385840334227
2016-03-21,111.5,112.37,111.03,111.76,170666,0.1,-0.2,-0.31,0.001,-0.641147734629861,0.003865694674120244
2016-03-22,111.0,112.88,111.0,112.23,171965,-0.05,-0.01,-0.45,0.001,-0.63603328290054,0.0035826371410705342
2016-03-23,112.38,113.19,112.0,112.44,173210,-0.86,-1.17,-0.09,0.001,-0.630114157016024,0.003569856567315875
2016-03-24,112.0,113.2,111.68,113.11,159930,0.0,0.47,-0.06,0.001,-0.623389587276864,0.002580196268498847
2016-03-28,113.49,114.59,112.8,113.75,401542,0.04,-0.03,0.14,0.001,-0.588499523725647,0.004521502370046748
2016-03-29,113.98,116.36,113.4,116.3,277601,1.07,1.77,-1.18,0.001,-0.577969173948439,0.0056452384718026355
2016-03-30,116.5,116.99,114.35,114.55,310604,0.41,-0.29,0.14,0.001,-0.56678152753448,0.02132088760089406
2016-03-31,107.96,115.01,107.96,114.1,386674,-0.11,0.44,-0.48,0.001,-0.554935129686984,-0.012476353353468743
2016-04-01,113.55,116.17,113.31,116.03,228874,0.64,-0.25,-0.62,0.0,-0.542428439947764,-0.005244758640591165
2016-04-04,115.78,116.33,111.61,112.3,452300,-0.41,-0.25,-0.74,0.0,-0.507017408695899,0.017032042190450118
2016-04-05,111.79,113.32,111.47,112.3,210776,-0.94,-0.08,-0.36,0.0,-0.496895961415541,-0.030709687522435018
2016-04-06,112.48,113.81,112.4,113.75,192324,1.14,0.17,-0.82,0.0,-0.48792107655553,-0.002936354773667637
2016-04-07,113.29,114.89,113.06,113.37,191255,-1.23,-0.05,-0.35,0.0,-0.48009158705774,0.013190099608436623
2016-04-08,114.07,114.59,109.9,110.51,460861,0.29,0.02,0.68,0.0,-0.473406474806679,-0.0006157906560613403
2016-04-11,111.0,111.3,108.43,108.5,379109,-0.28,-0.1,0.95,0.0,-0.459569544647611,-0.02684427525686806
2016-04-12,108.4,111.17,108.4,110.83,245957,0.99,-0.06,0.85,0.0,-0.456456695656958,-0.014935156378487984
2016-04-13,111.12,112.65,106.52,110.56,835480,1.23,0.84,0.35,0.0,-0.454127101766533,0.01475439340402396
2016-04-14,110.58,112.04,110.15,110.86,266770,0.03,-0.28,0.18,0.0,-0.452580460045266,-0.0009044772563362286
2016-04-15,110.87,110.98,109.2,109.52,191957,-0.04,0.33,-0.32,0.0,-0.451816569374054,0.002981651208121759
2016-04-18,109.44,110.81,109.2,110.4,192000,0.65,0.09,-0.19,0.0,-0.45393906072646,-0.010885421592895968
2016-04-19,116.49,116.49,109.16,112.29,281907,0.29,-0.36,1.48,0.0,-0.455860182506171,0.007360640390688023
2016-04-20,112.2,113.27,111.56,112.44,197731,0.15,-0.1,0.54,0.0,-0.458400360775668,0.016521916785445616
2016-04-21,112.5,114.04,110.81,111.38,188829,-0.47,0.11,-0.59,0.0,-0.461559925849572,0.001157020293540266
2016-04-22,111.25,112.09,109.01,110.3,359111,0.12,0.82,0.49,0.0,-0.465339288585086,0.009032240630782543
2016-04-25,110.3,110.67,109.07,110.29,190646,-0.24,-0.58,-0.17,0.0,-0.480283743243405,-0.025715738484648188
2016-04-26,110.33,110.6,106.8,107.53,207900,0.29,0.65,0.78,0.0,-0.4857204617607,-0.0041693163663047
2016-04-27,107.99,119.39,106.31,118.8,380327,0.21,0.09,0.68,0.0,-0.491070316034719,-0.012245387409946405
2016-04-28,117.99,121.71,116.23,117.89,775454,-0.96,-0.15,0.05,0.0,-0.496334001739109,0.0011945510210064768
2016-04-29,117.06,117.84,115.84,117.4,343821,-0.5,-0.14,0.38,0.0,-0.501512203342504,0.06952541219051593
2016-05-02,117.5,118.73,116.57,118.58,256142,0.78,-0.01,-0.36,0.001,-0.516702577910784,0.0072553686188984905
2016-05-03,117.8,118.16,117.02,117.59,222502,-1.05,-0.66,-0.49,0.001,-0.520597046708055,0.008384533486174812
2016-05-04,117.02,118.3,116.5,118.19,219154,-0.66,-0.15,0.06,0.001,-0.523298749441297,-0.009661092092989296
2016-05-05,118.4,119.06,117.25,117.7,204823,-0.08,-0.5,0.09,0.001,-0.524808037429127,0.0053505414950146095
2016-05-06,117.48,119.64,117.11,119.48,241422,0.38,0.05,0.24,0.001,-0.525125106933318,-0.002119812590464192
2016-05-09,119.58,120.28,118.79,118.8,198104,0.05,0.36,-1.48,0.001,-0.51906347637792,0.01415952884231982
2016-05-10,119.96,120.5,118.9,120.3,216029,1.26,-0.4,0.47,0.001,-0.515248860056798,-0.002094417086884487
2016-05-11,120.28,121.08,119.42,119.46,207017,-0.89,-0.36,0.78,0.001,-0.510738255385807,0.010511500893734167
2016-05-12,120.0,120.84,118.9,120.27,197266,-0.11,-0.6,0.15,0.001,-0.505531075823957,-0.00816605664660438
2016-05-13,119.71,120.64,119.0,119.75,169341,-0.82,0.38,-0.66,0.001,-0.499626644250449,0.006338653522288873
2016-05-16,119.98,120.13,117.35,118.57,288089,0.99,0.28,-0.24,0.001,-0.477365067126219,-0.0039152118476840645
2016-05-17,118.96,119.02,117.2,117.27,198257,-0.95,-0.78,0.61,0.001,-0.468478964733234,-0.00956062313512161
2016-05-18,117.4,118.27,116.73,117.65,198992,0.1,0.11,0.83,0.001,-0.459063400453944,-0.011185609569589697
2016-05-19,117.03,117.59,115.88,116.83,192617,-0.33,-0.32,-0.29,0.001,-0.449117149926036,0.002553226918947757
2016-05-20,117.4,117.99,116.72,117.38,167524,0.75,0.9,-0.3,0.001,-0.43863891977888,-0.0071654661271635285
2016-05-23,117.3,117.6,115.85,115.99,187497,-0.18,0.26,-0.32,0.001,-0.403469132465352,0.004612239208215833
2016-05-24,116.25,117.94,116.12,117.9,187051,1.43,0.68,-0.34,0.001,-0.390054181163327,-0.011829359662467143
2016-05-25,118.12,118.67,117.38,117.83,187632,0.72,-0.21,0.57,0.001,-0.375834402751934,0.014807443186168986
2016-05-26,117.99,119.77,117.92,119.58,166276,-0.04,-0.09,-0.51,0.001,-0.360807948148071,0.0016129890438518503
2016-05-27,119.73,119.85,119.01,119.25,124712,0.49,0.33,-0.22,0.001,-0.344972863371693,0.013313324377882164
2016-05-31,119.5,120.1,118.12,118.72,198759,-0.01,0.5,-0.36,0.001,-0.272764709154648,-0.0007536445887685245
2016-06-01,118.05,119.08,117.82,118.82,140025,0.2,0.65,-0.25,0.001,-0.252168155242584,-0.004786095974070049
2016-06-02,118.87,119.44,118.22,119.01,122988,0.35,0.31,-0.59,0.001,-0.231669887991206,-0.00025252746780760695
2016-06-03,118.66,119.12,117.86,118.4,130757,-0.38,-0.14,-0.11,0.001,-0.211817664544607,0.0012620505703655532
2016-06-06,118.73,119.43,118.25,118.72,116523,0.6,0.68,0.32,0.001,-0.156058334820138,-0.003875312331530813
2016-06-07,118.99,119.3,117.67,117.77,156423,0.12,0.19,0.11,0.001,-0.138561595102506,0.002697464312042014
2016-06-08,117.99,118.6,117.27,118.32,136076,0.37,0.45,-0.11,0.001,-0.121548612365188,-0.008708564755403698
2016-06-09,118.01,118.68,117.71,118.58,121784,-0.27,-0.4,-0.22,0.001,-0.105017174307966,0.005335579012623962
2016-06-10,117.84,118.11,116.26,116.53,171463,-1.05,-0.34,-0.18,0.001,-0.0889651312487658,0.001434893701795259
2016-06-13,115.7,116.71,113.31,114.04,288931,-0.84,-0.36,0.1,0.001,-0.0437614628740473,-0.016498333160095646
2016-06-14,113.7,115.05,113.58,114.94,162772,-0.19,0.27,-0.71,0.001,-0.030228993375579,-0.023161082154228758
2016-06-15,114.88,115.44,114.07,114.64,183639,-0.11,0.25,-0.05,0.001,-0.0176917746141397,0.00865054111562181
2016-06-16,114.12,114.5,112.94,114.42,178079,0.24,-0.34,-0.4,0.001,-0.00614817629995467,-0.0029624836513461646
2016-06-17,114.37,114.43,112.56,112.7,215559,-0.3,-0.1,0.94,0.001,0.0044033026503229,-0.001834133033072929
2016-06-20,114.17,114.72,112.75,113.26,193377,0.71,0.61,-0.01,0.001,0.0305470267544346,-0.012048886137836713
2016-06-21,113.7,115.22,113.58,114.3,176945,0.21,-0.62,0.5,0.001,0.0379720924847119,0.0030920648338115405
2016-06-22,114.29,114.92,113.61,114.21,129401,-0.2,-0.31,0.08,0.001,0.0448114246314712,0.008869379767274399
2016-06-23,114.09,115.84,113.54,114.91,147631,1.45,0.5,0.43,0.001,0.0510659125541053,-0.004117514231546105
2016-06-24,111.99,113.68,109.77,111.56,357100,-3.7,0.15,-1.14,0.001,0.0567363695612038,0.01021885803529942
2016-06-27,111.0,111.68,108.23,108.8,330281,-2.07,-0.95,-0.67,0.001,0.0702788277258259,-0.02641463618941322
2016-06-28,109.25,112.94,109.25,112.88,244184,1.76,-0.39,0.14,0.001,0.0733480559367664,-0.028140295707515844
2016-06-29,113.0,114.35,113.0,114.34,188033,1.8,0.27,-0.07,0.001,0.0755361481767963,0.03365677026075448
2016-06-30,114.79,115.18,113.67,113.92,212256,1.42,0.35,0.45,0.001,0.0768433889766774,0.012871613780735848
2016-07-01,114.28,115.13,113.81,114.03,138616,0.24,0.53,-0.4,0.001,0.0772699483247738,0.0010505604050120676
2016-07-05,113.6,114.22,112.97,113.9,129970,-0.85,-0.62,-1.36,0.001,0.0744954362794936,-0.0007878233839096666
2016-07-06,113.24,116.85,112.97,116.7,213268,0.62,0.17,-0.13,0.001,0.0724341082433159,8.752572398206667e-05
2016-07-07,117.02,117.07,115.36,115.84,153576,0.02,0.35,-0.2,0.001,0.0697773348817047,0.021655242633361924
2016-07-08,116.01,117.5,115.8,117.08,166032,1.6,0.89,0.34,0.001,0.06652477071848,-0.007310279970887092
2016-07-11,117.24,118.7,117.24,117.92,163803,0.43,0.6,0.26,0.001,0.0534569490979055,0.011926865168985385
2016-07-12,118.18,118.72,117.57,117.95,139745,0.75,0.62,0.99,0.001,0.0484834251424129,0.0053592489065794
2016-07-13,118.0,118.42,116.62,116.62,150699,-0.05,-0.53,0.51,0.001,0.0433092820525719,0.0005088804116320875
2016-07-14,117.12,117.83,116.7,117.0,134918,0.51,-0.46,0.44,0.001,0.0379338470035132,-0.009799413809597327
2016-07-15,117.12,118.28,116.39,116.41,154057,-0.05,0.3,0.0,0.001,0.0323564209951666,0.0043576947670083965
2016-07-18,116.5,119.65,116.5,119.08,192610,0.25,-0.02,-0.12,0.001,0.014276104905296,-0.003672863375750781
2016-07-19,121.1,121.1,118.66,120.89,200625,-0.22,-0.62,0.05,0.001,0.00758908816880419,0.021251292555350323
2016-07-20,121.0,122.2,120.56,122.08,182634,0.48,0.45,-0.87,0.001,0.000530748913154174,0.010334269647448721
2016-07-21,122.29,122.48,120.25,120.49,164479,-0.38,-0.05,-0.01,0.001,-0.00689983069985517,0.010802867647798623
2016-07-22,120.58,121.4,119.25,121.0,169022,0.48,0.23,-0.08,0.001,-0.0147036169130719,-0.010802867647798574
2016-07-25,121.48,121.85,117.78,121.79,168595,-0.27,-0.02,-0.24,0.001,-0.0403279284337618,0.0032283377104031273
2016-07-26,122.06,122.54,120.7,122.16,159428,0.13,0.57,0.54,0.001,-0.0495002235847716,0.005193079368636201
2016-07-27,122.65,133.76,120.0,128.93,409212,-0.14,0.58,-0.44,0.001,-0.0589529950765429,-0.0033765401927745176
2016-07-28,129.0,130.59,123.63,125.34,747216,0.18,-0.41,-0.34,0.001,-0.0686874721096663,0.017337652360064123
2016-07-29,125.32,128.93,123.5,123.56,330591,0.17,-0.02,0.04,0.001,-0.0787049205165942,0.013369000169634222
2016-08-01,123.63,124.7,122.86,124.29,234434,-0.16,0.18,-0.87,0.001,-0.110529897215813,-0.008516143631499362
2016-08-02,124.34,124.8,122.07,122.75,224872,-0.7,-0.58,0.17,0.001,-0.121598067701342,0.0029808360440119965
2016-08-03,122.8,123.92,122.31,122.5,174621,0.45,0.46,0.83,0.001,-0.132258613795379,-0.009862667089156974
2016-08-04,122.61,125.98,122.51,124.41,197985,0.05,0.08,-0.34,0.001,-0.142512921752693,-0.004723086994379585
2016-08-05,124.86,125.84,124.6,125.07,189354,0.93,0.43,0.86,0.001,-0.152362325002469,0.014987917600446725
2016-08-08,125.45,125.7,124.55,125.16,144739,-0.06,0.02,0.57,0.001,-0.179249191084555,0.00633244062688236
2016-08-09,125.63,126.09,124.53,124.88,184125,0.05,-0.02,-0.32,0.001,-0.187121684341563,0.0008785592054496269
2016-08-10,125.19,125.48,124.54,124.75,98643,-0.29,-0.45,-0.13,0.001,-0.194469991480316,-0.0015979869172277335
2016-08-11,124.98,125.39,124.75,124.95,109322,0.54,0.14,0.04,0.001,-0.201295068045279,-0.0014403539627137504
2016-08-12,125.09,125.25,124.18,124.87,112558,-0.06,0.08,-0.18,0.001,-0.207597801542106,0.0001601809602279447
2016-08-15,125.17,125.32,123.7,123.76,173724,0.39,0.73,0.39,0.001,-0.223260421692136,-0.00016018096022791324
2016-08-16,123.73,124.15,122.78,123.44,128602,-0.57,-0.27,0.61,0.001,-0.227399121747265,-0.007878447406967524
2016-08-17,123.58,124.45,122.85,124.38,127630,0.12,-0.55,0.25,0.001,-0.231056088188912,-0.004854370275948133
2016-08-18,124.4,124.65,123.64,123.94,111682,0.32,0.45,0.37,0.001,-0.234231796554365,0.008640583286023453
2016-08-19,123.95,124.2,123.19,123.54,104864,-0.11,0.12,-0.12,0.001,-0.236926659800035,-0.0037054898773264157
2016-08-22,124.3,124.83,123.11,124.15,133400,-0.02,0.26,-0.41,0.001,-0.241972776984423,-0.002828676045982942
2016-08-23,124.68,125.09,124.25,124.42,120289,0.27,0.56,-0.01,0.001,-0.242626567123462,0.0047636761998078045
2016-08-24,124.39,124.69,123.09,123.33,114370,-0.56,-0.48,0.4,0.001,-0.242836645600737,0.0017704897235015667
2016-08-25,123.17,124.37,123.1,123.93,97393,-0.08,0.19,0.48,0.001,-0.242603039734012,-0.007181793857831329
2016-08-26,124.1,125.19,123.65,124.92,165462,-0.15,0.15,-0.13,0.001,-0.241925719146115,0.0033148431265803808
2016-08-29,124.85,126.73,124.17,126.7,148084,0.53,-0.07,0.35,0.001,-0.237037664132805,0.008599611032843981
2016-08-30,126.78,126.85,125.15,125.61,166247,-0.14,0.1,0.31,0.001,-0.234562069153455,0.012564793532562709
2016-08-31,125.8,126.22,125.1,125.99,131462,-0.24,-0.39,0.14,0.001,-0.231812416937709,-0.005547244657751222
2016-09-01,125.92,126.63,125.6,126.2,126314,0.03,0.12,-0.49,0.001,-0.228788349931792,0.002222631500102886
2016-09-02,126.29,126.86,126.0,126.35,112930,0.53,0.39,0.36,0.001,-0.226030790753337,0.0003963296242916296
2016-09-06,126.6,129.94,126.35,129.7,246239,0.26,0.06,-0.53,0.001,-0.218440048002694,0.002691184147584075
2016-09-07,129.48,131.98,129.45,130.93,261913,0.09,0.61,0.03,0.001,-0.217309897172682,0.02513396451404636
2016-09-08,131.0,131.29,129.81,130.13,144008,-0.18,-0.02,0.57,0.001,-0.216540846202753,0.01012361591178957
2016-09-09,130.27,130.27,126.33,126.6,247632,-2.47,-0.55,0.31,0.001,-0.216132795088595,-0.005969702246510886
2016-09-12,126.39,128.97,125.21,128.9,195442,1.44,0.0,-0.47,0.001,-0.21677174411278,-0.02463508795516309
2016-09-13,128.69,128.69,126.66,127.2,160645,-1.48,-0.25,-0.47,0.001,-0.217307667864329,0.012432264587029397
2016-09-14,127.46,128.8,126.89,127.78,144999,-0.08,0.11,-0.83,0.001,-0.218007368062361,-0.01156717073969407
2016-09-15,127.59,129.1,127.59,128.24,138061,1.07,0.31,-0.33,0.001,-0.21887093569309,0.00439249281643921
2016-09-16,128.21,129.18,127.8,129.07,227084,-0.36,0.33,-0.46,0.001,-0.219898483051395,0.004529204940782636
2016-09-19,129.4,130.09,128.26,128.66,136140,0.05,0.4,0.16,0.001,-0.223861168686118,0.0055939930169073525
2016-09-20,129.0,129.17,128.03,128.68,102009,-0.02,-0.21,-0.51,0.001,-0.225610194451487,-0.003259454991644947
2016-09-21,129.0,130.01,128.39,129.98,132458,1.12,0.14,0.33,0.001,-0.227693377496395,-7.769443256218826e-05
2016-09-22,130.0,130.73,128.1,128.3,145796,0.7,0.85,-0.05,0.001,-0.230110988709631,0.010055023187079811
2016-09-23,128.32,130.5,126.26,128.0,268187,-0.6,-0.1,-0.19,0.001,-0.232863342467687,0.001076840330550108
2016-09-26,127.24,128.25,126.8,127.32,140164,-0.88,-0.23,-0.35,0.001,-0.242858077073097,-0.016431953908279173
2016-09-27,127.76,129.01,127.0,128.59,147207,0.64,-0.07,-0.53,0.001,-0.246550197897392,-0.005092665902506242
2016-09-28,129.0,129.47,128.4,129.1,111899,0.56,0.21,1.1,0.001,-0.250450595395176,0.010781385682927563
2016-09-29,129.32,129.5,127.55,128.1,134418,-0.98,-0.42,0.54,0.001,-0.254559776758537,0.004187304537737865
2016-09-30,127.9,128.59,127.45,128.3,174764,0.88,0.38,0.35,0.001,-0.258878276328981,-0.008860620969532744
2016-10-03,128.27,129.09,127.8,128.88,121588,-0.26,-0.03,-0.13,0.001,-0.272586356849443,0.0014043378809782095
2016-10-04,129.0,129.28,127.54,128.18,132257,-0.46,0.04,0.09,0.001,-0.276901578880347,0.003890449852848086
2016-10-05,128.35,128.8,127.83,128.22,115642,0.58,0.28,0.78,0.001,-0.281061489935449,-0.004514344422943703
2016-10-06,128.53,129.06,128.08,128.54,109353,-0.06,-0.27,0.37,0.001,-0.285066630952942,0.002181867901552472
2016-10-07,128.69,129.25,128.33,128.98,120319,-0.38,-0.51,0.16,0.001,-0.288917522745341,0.002099483635000315
2016-10-10,129.35,130.7,128.99,130.29,138174,0.52,0.57,0.01,0.001,-0.299468551028468,0.0019400152773017408
2016-10-11,130.24,130.64,128.23,128.99,158826,-1.3,-0.59,0.49,0.001,-0.302151344635348,0.009644019905153962
2016-10-12,129.05,129.66,128.46,129.05,101857,0.06,-0.23,0.37,0.001,-0.304207271360667,-0.010497162980395514
2016-10-13,128.45,129.35,126.75,127.74,158409,-0.42,-0.68,-0.63,0.001,-0.305636598548912,0.0013181717469288147
2016-10-14,127.7,128.95,127.51,127.62,119140,0.01,-0.36,0.57,0.001,-0.306439512064072,-0.00957692518929049
2016-10-17,127.88,128.47,127.32,127.93,98782,-0.29,-0.05,0.14,0.001,-0.305484187333699,0.00046927651001149855
2016-10-18,128.51,129.39,127.95,128.59,122878,0.6,-0.16,0.03,0.001,-0.304970072459309,-0.0026622520043442033
2016-10-19,128.5,130.47,128.45,130.06,156511,0.25,0.04,0.91,0.001,-0.304624022786425,0.008043508813402515
2016-10-20,130.25,130.66,129.5,130.11,121512,-0.16,-0.03,-0.11,0.001,-0.30444599331613,0.011906696659983618
2016-10-21,130.27,132.19,129.59,132.19,180298,0.02,-0.12,-0.32,0.001,-0.304435960898186,-0.0008458037456065507
2016-10-24,133.05,133.41,132.07,133.33,155672,0.54,0.06,-0.16,0.001,-0.305013156492672,0.0157976876023251
2016-10-25,133.5,133.84,131.67,131.97,122601,-0.46,-0.58,0.23,0.001,-0.304707589734795,0.009120032857624024
2016-10-26,132.0,132.39,130.93,131.28,121091,-0.23,-0.85,0.74,0.001,-0.304003163838229,-0.007455741355296466
2016-10-27,131.79,131.86,128.5,130.4,156460,-0.33,-0.96,0.6,0.001,-0.302899787202249,-0.009493862874280416
2016-10-28,130.19,132.97,129.59,131.36,231519,-0.29,-0.1,0.1,0.001,-0.301397316348172,-0.010355563916915132
2016-10-31,131.85,132.2,130.88,131.19,144486,0.02,0.02,0.14,0.001,-0.29465922963991,0.01226156085989388
2016-11-01,131.35,132.04,128.65,129.5,201900,-0.68,-0.35,0.17,0.001,-0.292525558039951,-0.002287541048523852
2016-11-02,129.32,130.44,116.31,118.21,472008,-0.73,-0.66,0.35,0.001,-0.290886568459186,-0.011440141440817108
2016-11-03,118.5,129.49,118.16,119.8,591940,-0.4,-0.47,1.02,0.001,-0.288997428482589,-0.01815612283391669
2016-11-04,120.01,121.93,119.25,120.67,283454,-0.12,0.86,-0.43,0.001,-0.286857892453953,-0.05803301552362971
2016-11-07,122.75,123.21,121.35,121.9,209174,2.23,0.2,-0.16,0.001,-0.278298544312888,0.006230549750636163
2016-11-08,122.33,124.61,121.54,124.5,179643,0.4,-0.08,-0.19,0.001,-0.274500581488802,0.011527521544378859
2016-11-09,120.56,123.81,120.16,123.1,292575,1.46,1.83,0.99,0.001,-0.270432104432913,0.016804381104329417
2016-11-10,124.0,124.9,115.27,120.96,631179,0.32,1.14,1.8,0.001,-0.266092584096738,-0.008407494922493045
2016-11-11,120.52,120.78,118.15,119.07,307428,0.18,2.5,-0.04,0.001,-0.261481456186413,-0.019510389923745892
2016-11-14,119.06,119.48,113.55,114.96,473138,0.21,0.58,1.43,0.001,-0.245395068333741,-0.014844789324293395
2016-11-15,115.32,118.49,115.15,117.3,308106,0.8,-0.55,0.15,0.001,-0.238171102732789,-0.033663964948296564
2016-11-16,117.25,117.88,113.25,116.11,301460,-0.12,0.3,-0.56,0.001,-0.229769107617622,0.01825429548308077
2016-11-17,116.57,117.96,116.01,117.81,168823,0.56,0.13,-0.13,0.001,-0.220187990426407,-0.007364947445011207
2016-11-18,117.27,119.13,116.84,117.98,214249,-0.16,0.56,0.39,0.001,-0.209426505268992,0.012386482359747101
2016-11-21,118.2,121.95,117.02,121.89,331273,0.77,-0.26,0.08,0.001,-0.170330685289339,-0.006558551736931725
2016-11-22,122.26,122.98,120.9,121.26,238426,0.31,0.54,0.58,0.001,-0.1550594651116,0.039789160158859284
2016-11-23,121.46,121.63,119.94,120.76,143242,0.16,0.52,0.18,0.001,-0.138541033519739,-0.002466667937641005
2016-11-25,121.0,121.25,120.07,120.25,80138,0.4,-0.08,-0.24,0.001,-0.101753781668894,-0.005200003527816111
2016-11-28,120.3,121.69,119.6,120.45,167024,-0.64,-0.77,0.07,0.001,-0.037503812107956,-0.003813942218307473
2016-11-29,120.56,122.1,120.4,120.95,171585,0.11,-0.36,-0.07,0.001,-0.0145780129951886,0.0002492379254181272
2016-11-30,121.12,121.79,117.95,118.56,281017,-0.25,-0.4,2.25,0.001,0.00883058407103226,0.0038129935674604495
2016-12-01,118.57,118.79,114.0,115.0,393849,-0.36,-0.67,2.06,0.001,0.0327250230510277,-0.020478002476828863
2016-12-02,114.13,116.48,114.08,115.25,224928,0.0,0.05,-0.32,0.001,0.0563637917946771,-0.028436311862948756
2016-12-05,116.2,117.57,115.07,117.53,188565,0.75,1.1,0.28,0.001,0.117227541301175,0.002603073053379327
2016-12-06,117.65,117.8,116.33,117.47,175404,0.48,0.63,0.23,0.001,0.134693563548781,0.017438039971968213
2016-12-07,117.35,117.95,116.57,117.83,201067,1.26,-0.63,0.52,0.001,0.15079330569445,-0.0010224249082060287
2016-12-08,117.83,119.5,117.6,118.87,208338,0.36,1.15,0.59,0.001,0.165528861284244,0.005440793950393756
2016-12-09,118.89,119.94,118.8,119.68,161929,0.46,-0.28,0.12,0.001,0.178902146470865,0.008106157669195983
2016-12-12,119.4,119.48,117.6,117.6,161340,-0.3,-0.94,-0.1,0.001,0.210929649549519,0.006454576137793813
2016-12-13,118.04,121.52,117.61,120.43,274340,0.6,-0.51,-0.28,0.001,0.219247327130568,-0.016087969846090688
2016-12-14,120.41,121.69,118.85,120.6,236587,-0.82,-0.36,-0.28,0.001,0.226522799091232,0.02133818404163434
2016-12-15,120.43,122.5,119.63,120.5,184335,0.46,0.37,0.28,0.001,0.23275701150478,-0.0008315234243235497
2016-12-16,120.56,121.5,119.27,119.92,217694,-0.22,0.05,-0.41,0.001,0.237950775043255,0.0029902921318321015
2016-12-19,120.0,120.36,118.51,119.42,147741,0.22,0.31,0.09,0.001,0.247047134992424,-0.005822649883098559
2016-12-20,119.44,119.77,118.8,118.95,121702,0.44,0.43,0.68,0.001,0.247205323088413,-0.005269595209145303
2016-12-21,118.95,119.2,118.48,118.95,98697,-0.24,-0.38,0.23,0.001,0.245694106650049,-0.0012587758451142953
2016-12-22,118.89,119.08,116.93,117.52,148913,-0.3,-0.75,0.25,0.001,0.242513289164792,-0.0004198967065418035
2016-12-23,117.36,117.59,116.3,117.15,100303,0.19,0.56,-0.51,0.001,0.23766245701186,-0.01387265505554827
2016-12-27,117.05,118.68,116.86,118.01,108066,0.27,0.21,0.13,0.001,0.202054252559669,-0.001107981538788533
2016-12-28,118.18,118.4,116.65,116.8,109420,-0.87,-0.27,0.09,0.001,0.188714289279477,0.006290440694390973
2016-12-29,116.7,117.6,116.06,116.4,90050,-0.04,0.13,-0.31,0.001,0.173443373123822,-0.009279460448041649
2016-12-30,116.02,116.83,114.77,115.25,165295,-0.52,-0.11,0.21,0.001,0.156239518323855,-0.0048870505785455565
2017-01-03,116.0,117.84,115.05,116.7,190617,0.83,-0.11,0.08,0.002,0.0742174088768183,-0.011236030001792291
2017-01-04,117.47,119.66,116.86,118.61,181857,0.79,0.96,-0.15,0.002,0.0537867671973169,0.015609803126545066
2017-01-05,119.73,120.95,119.1,120.83,127453,-0.21,-0.86,-0.8,0.002,0.0336676030866148,0.015538423235494123
2017-01-06,120.67,123.88,120.03,123.33,265065,0.29,-0.63,-0.31,0.002,0.0138573003290941,0.016544461592348465
2017-01-09,123.5,125.43,123.04,124.82,212742,-0.37,-0.27,-1.04,0.002,-0.0436200782685485,0.022452647365994286
2017-01-10,124.95,125.5,124.28,124.45,159275,0.16,0.97,0.56,0.002,-0.0618018490934003,0.012001255266966217
2017-01-11,124.01,126.15,124.01,125.96,171452,0.31,-0.32,0.53,0.002,-0.0793946622676803,-0.004413278978563508
2017-01-12,125.57,127.01,124.8,127.01,170294,-0.3,-0.57,-0.89,0.002,-0.0964008054904368,0.013895751795983716
2017-01-13,127.01,129.27,127.01,128.4,230312,0.29,0.63,-0.08,0.002,-0.112822490172504,0.004194592847157353
2017-01-17,128.49,128.49,127.4,127.8,133587,-0.49,-0.86,-0.59,0.002,-0.173208385287654,0.013492462346237124
2017-01-18,127.88,128.43,126.84,128.33,115987,0.24,0.17,0.24,0.002,-0.187242914752455,-0.003668814870752251
2017-01-19,128.02,128.45,127.45,127.61,109825,-0.38,-0.5,-0.04,0.002,-0.200873769610627,0.000390906606522381
2017-01-20,127.99,128.48,126.78,127.05,172334,0.33,0.06,0.18,0.002,-0.214102722364006,-0.00289658478291866
2017-01-23,127.0,129.25,126.64,129.1,149621,-0.29,-0.02,-0.3,0.002,-0.251392726726222,-0.004006462737646167
2017-01-24,129.06,129.9,128.38,129.48,139389,0.83,0.68,0.8,0.002,-0.263065725037355,0.014767561759355482
2017-01-25,129.4,131.75,129.1,131.74,172545,0.84,0.15,0.35,0.002,-0.274382263322127,0.003406910151255619
2017-01-26,131.79,133.86,131.2,131.85,182821,-0.1,-0.62,0.38,0.002,-0.285343813137906,0.016178241092167103
2017-01-27,132.11,132.95,131.08,132.01,180925,-0.12,0.03,-0.66,0.002,-0.29595179988078,0.009838897386618476
2017-01-30,132.1,132.17,129.6,131.1,174160,-0.68,-0.72,-0.41,0.002,-0.32562820848209,-0.004529038675540718
2017-01-31,130.77,131.48,129.51,131.4,176898,0.0,0.88,-0.55,0.002,-0.335476686854557,-0.009119967833324397
2017-02-01,131.65,137.99,130.32,133.4,449183,0.04,-0.05,0.02,0.002,-0.345659271806035,-0.0050515912431702776
2017-02-02,133.88,135.49,130.0,130.34,502466,-0.02,-0.26,-0.31,0.002,-0.356465404129565,0.022083909941129
2017-02-03,130.8,132.85,130.38,130.93,225041,0.82,0.55,0.64,0.002,-0.36678929434104,-0.01810175585035997
2017-02-06,131.0,132.2,130.3,132.08,156635,-0.27,-0.57,-0.2,0.002,-0.394159735416394,0.0010694371524012868
2017-02-07,132.1,133.0,131.61,131.84,134184,-0.01,-0.3,-0.51,0.002,-0.400821125834875,0.008211740370900451
2017-02-08,131.84,134.44,131.5,134.25,202201,0.06,-0.24,-0.53,0.002,-0.40598069327911,-0.0016673138004386612
2017-02-09,134.44,134.77,133.31,134.09,152637,0.72,0.71,0.02,0.002,-0.40963910867861,0.017742166361531298
2017-02-10,134.44,134.94,133.68,134.05,139029,0.38,0.39,0.12,0.002,-0.411796847759078,-0.0004471789661934964
2017-02-13,134.48,134.73,133.7,134.03,122913,0.49,-0.32,0.32,0.002,-0.409572296954786,0.00037269780041334456
2017-02-14,134.16,134.23,132.55,133.84,132751,0.45,-0.23,0.33,0.002,-0.406659473905276,-0.0010438339554294104
2017-02-15,134.09,134.1,132.66,133.35,116089,0.54,0.19,-0.44,0.002,-0.402872376272104,-0.0014930722690184612
2017-02-16,133.6,133.87,133.0,133.6,115695,-0.16,-0.21,-0.03,0.002,-0.398210511596244,-0.0030678611942126467
2017-02-17,133.63,134.1,133.07,133.39,113188,0.2,-0.01,-0.57,0.002,-0.392673273667461,0.00299307319369047
2017-02-21,133.84,134.28,132.9,133.61,130897,0.6,-0.04,0.13,0.002,-0.361313890111449,-0.0023188625852177867
2017-02-22,133.81,136.79,133.4,136.05,250927,-0.15,-0.38,0.11,0.002,-0.351472500719689,0.001421904823291851
2017-02-23,136.1,136.4,134.33,135.2,165980,-0.11,-0.68,0.26,0.002,-0.340953772675856,0.017788743870198506
2017-02-24,135.16,135.62,133.6,135.31,115608,0.15,0.04,-0.92,0.002,-0.329756338166635,-0.0055989096547891005
2017-02-27,135.46,137.19,135.02,136.37,129518,0.22,0.82,-0.34,0.002,-0.291550350848937,0.0005908493459459022
2017-02-28,136.37,136.81,134.75,135.42,147457,-0.42,-1.38,0.21,0.002,-0.276184932188459,0.007136333236825589
2017-03-01,136.07,137.48,135.25,137.32,146291,1.47,0.43,0.71,0.001,-0.259221182989037,-0.006398337765696885
2017-03-02,137.55,137.82,136.31,136.6,109163,-0.7,-0.53,-0.88,0.001,-0.24176409202291,0.013775166986312686
2017-03-03,136.71,137.33,136.08,137.16,99069,0.09,-0.21,0.13,0.001,-0.224126351619064,-0.004814386838305396
2017-03-06,137.0,137.83,136.51,137.44,110955,-0.38,-0.36,-0.1,0.001,-0.170490939041702,0.002993489699165728
2017-03-07,137.35,138.37,136.99,137.12,120562,-0.36,-0.29,-0.05,0.001,-0.153139598225881,0.0018208971391396559
2017-03-08,137.77,137.99,137.0,137.85,90718,-0.19,-0.1,-0.82,0.001,-0.136243445797803,-0.000873580425118702
2017-03-09,137.5,138.57,137.3,138.3,137488,0.04,-0.47,-0.28,0.001,-0.119800284649398,0.003054311107543783
2017-03-10,138.82,139.49,138.22,138.71,143915,0.34,0.09,-0.39,0.001,-0.103807976577766,0.0037686954932939372
2017-03-13,138.76,139.68,138.43,139.6,95976,0.13,0.33,-0.02,0.001,-0.0582530643062124,0.003970607707110556
2017-03-14,139.33,139.6,138.52,139.4,117920,-0.36,-0.23,0.03,0.001,-0.0432334331948456,0.005819284376377143
2017-03-15,139.6,140.1,138.49,139.91,175273,0.86,0.73,-0.42,0.001,-0.028106813291621,-0.002007737566372188
2017-03-16,140.0,140.6,139.72,139.92,122638,-0.06,0.45,0.24,0.001,-0.0128712375913976,0.0028669313539608486
2017-03-17,139.91,140.34,139.7,139.75,175387,-0.08,0.62,-0.26,0.001,0.0024752750791413,0.001930600107767527
2017-03-20,139.9,140.19,139.25,139.97,101178,-0.25,-0.07,-0.75,0.001,0.0489151814505188,-0.0010721439004640165
2017-03-21,140.19,142.31,138.34,138.34,267063,-1.48,-1.34,-0.68,0.001,0.0638543745880851,0.0007148903064839511
2017-03-22,138.0,139.79,137.6,139.63,154394,0.16,-0.3,-0.54,0.001,0.0783286304585455,-0.01027128452105996
2017-03-23,139.45,140.39,139.09,139.62,111434,-0.03,0.69,0.46,0.001,0.0923398312362313,0.007767036780788718
2017-03-24,140.15,141.03,139.5,140.6,153917,-0.05,0.12,-0.24,0.001,0.105889798881642,-0.00042990113212089084
2017-03-27,139.16,140.65,138.77,140.52,110876,-0.05,0.56,-0.52,0.001,0.144090192530408,0.005788396584735492
2017-03-28,140.7,141.95,140.0,141.73,133038,0.72,-0.15,0.71,0.001,0.155910681335096,-0.0001424428120868564
2017-03-29,142.25,142.86,141.43,142.61,134667,0.18,0.4,-0.06,0.001,0.167076026465347,0.010209873076043346
2017-03-30,142.32,142.95,141.85,142.31,109964,0.36,0.33,0.93,0.001,0.177587679817976,0.006258584012629806
2017-03-31,142.25,142.63,141.5,141.69,104185,-0.16,0.57,-0.3,0.001,0.187447008286336,-0.0016837862792686412
2017-04-03,142.03,142.47,140.82,142.2,119474,-0.28,-1.1,-0.11,0.003,0.21347521703537,-0.002531119899730169
2017-04-04,141.98,142.28,141.27,141.77,108463,0.05,-0.23,0.31,0.003,0.220648516406964,0.0016178106323387884
2017-04-05,141.73,143.44,141.29,141.65,156454,-0.44,-0.79,-0.3,0.003,0.226907237530357,-0.003873129095722998
2017-04-06,141.72,142.35,140.91,141.15,136203,0.32,0.69,0.5,0.003,0.232252194264607,0.0008463925969250957
2017-04-07,140.78,141.55,140.24,140.77,103964,-0.08,0.14,-0.26,0.003,0.236684081646506,-0.0048053798242697
2017-04-10,141.22,141.43,140.63,141.01,77238,0.08,0.1,0.1,0.003,0.244780758090433,-0.002766442652088221
2017-04-11,141.18,141.2,138.81,139.98,141120,-0.05,0.81,0.25,0.003,0.246377440475375,0.001845107381599505
2017-04-12,140.3,140.4,139.44,139.62,105013,-0.49,-0.84,-0.52,0.003,0.247601089696945,-0.007972672041839102
2017-04-13,139.53,140.58,139.15,139.16,97800,-0.75,-0.23,-0.79,0.003,0.248451864873593,-0.002432888498758362
2017-04-17,139.5,141.78,139.43,141.78,93422,0.89,0.24,0.22,0.003,0.247863771901247,-0.001362175350026788
2017-04-18,141.3,141.91,140.61,140.96,107869,-0.25,0.36,-0.16,0.003,0.246396050864706,0.014458419466144238
2017-04-19,141.21,143.04,141.0,142.46,139777,-0.08,0.6,-0.38,0.003,0.244364456126581,-0.0032579601864773816
2017-04-20,142.98,144.25,142.48,143.75,145848,0.83,0.52,0.26,0.003,0.241768723506419,0.009250476931284257
2017-04-21,143.98,144.17,142.27,143.6,105933,-0.28,0.1,-0.14,0.003,0.238608515465533,0.010696777370624671
2017-04-24,145.25,145.69,143.68,145.43,133098,1.18,0.17,0.51,0.003,0.225663466217875,-0.0008349103147429911
2017-04-25,145.5,147.15,145.15,146.51,156155,0.66,0.36,-0.05,0.003,0.219661567102232,0.012381330825128309
2017-04-26,146.56,147.59,146.09,146.58,103750,0.04,0.71,0.31,0.003,0.212586478092902,0.006987314214060527
2017-04-27,146.99,149.74,146.14,149.74,101448,0.05,-0.13,-0.96,0.003,0.204437279173612,0.0004776864058313433
2017-04-28,149.74,151.53,149.05,150.45,281191,-0.3,-0.67,-0.59,0.003,0.195212910655135,0.007748281946359894
2017-05-01,150.85,152.65,150.55,152.64,227334,0.21,0.27,-0.13,0.003,0.161508836391962,0.01711740418942509
2017-05-02,152.79,153.44,151.66,152.65,195444,0.03,-0.46,-0.21,0.003,0.149266726673744,0.014601739058492023
2017-05-03,152.65,154.85,145.45,148.01,264592,-0.19,-0.54,0.2,0.003,0.137140237964493,0.0020966590940454024
2017-05-04,149.49,151.8,148.72,150.75,326788,0.02,-0.06,-0.36,0.003,0.125127793384126,-0.006435086843479064
2017-05-05,150.85,151.63,149.79,150.15,157177,0.46,0.06,0.04,0.003,0.113227830882404,-0.006277879344695284
2017-05-08,150.57,151.15,149.74,151.05,138435,-0.04,-0.27,0.28,0.003,0.0784697741864977,-0.00405195663964246
2017-05-09,151.15,152.59,150.12,150.15,159373,-0.05,0.5,-0.79,0.003,0.0674766604073519,0.00544304690549227
2017-05-10,150.45,151.35,148.86,151.22,108601,0.21,0.19,0.02,0.003,0.0567784060083353,-0.0038469372343605487
2017-05-11,151.34,151.56,149.41,150.0,105237,-0.26,-0.36,-0.15,0.003,0.0463736198312425,-0.0012634440417856195
2017-05-12,149.99,150.5,149.63,150.31,86209,-0.18,-0.29,-0.62,0.003,0.0362609488793011,-0.0016648358099233375
2017-05-15,150.7,151.48,149.77,150.03,133176,0.53,0.25,0.2,0.003,0.00775513278827133,0.0019310123843474113
2017-05-16,150.68,150.83,149.03,149.12,127119,-0.03,0.16,-0.1,0.003,-0.00118225720676529,-0.0009317184098522406
2017-05-17,148.81,149.11,144.42,145.5,251533,-1.97,-0.89,-0.53,0.003,-0.00990660174728913,-0.0027336283891928005
2017-05-18,144.7,148.25,143.6,148.15,191218,0.4,0.05,-0.4,0.003,-0.0184190353121639,-0.03346877850724277
2017-05-19,148.5,149.39,147.87,147.87,143640,0.7,-0.38,0.41,0.003,-0.026720664824198,0.019213595082758765
2017-05-22,148.25,148.75,147.69,148.0,111961,0.56,0.27,-0.3,0.003,-0.0502060355134306,0.0027052227866368223
2017-05-23,148.52,148.81,147.25,148.04,112851,0.18,-0.07,0.61,0.003,-0.056939428952072,0.0012150321992767962
2017-05-24,148.1,150.23,139.97,150.05,166138,0.24,-0.15,-0.5,0.003,-0.062896858360245,-0.001147433510627791
2017-05-25,150.25,152.59,149.95,151.95,178957,0.42,-0.27,-0.77,0.003,-0.0680790984182382,0.013216696363896073
2017-05-26,151.95,152.25,151.15,152.12,132274,0.06,-0.02,0.09,0.003,-0.072486823003818,0.01271549582471766
2017-05-30,152.25,152.9,151.64,152.35,121321,-0.19,-0.5,-0.32,0.003,-0.083955047092626,0.0011180769574865477
2017-05-31,152.5,153.35,151.09,151.59,164479,-0.02,0.03,-0.56,0.003,-0.0864275347635922,0.0016419825159040824
2017-06-01,152.0,152.29,150.3,151.5,131433,0.95,0.98,0.03,0.003,-0.0888907335403902,-0.006055823955069821
2017-06-02,151.67,153.64,151.23,153.55,156708,0.35,0.54,-0.8,0.003,-0.0916793959076979,0.0004620086462193291
2017-06-05,153.7,154.71,153.02,153.55,111916,-0.17,-0.45,0.0,0.003,-0.100814500239244,0.013633310722329347
2017-06-06,153.69,154.52,152.48,153.05,117208,-0.28,0.1,-0.07,0.003,-0.103974322248935,0.00013021741724782767
2017-06-07,153.35,153.75,152.34,153.2,106775,0.15,-0.19,0.01,0.003,-0.107299768944204,-0.005351840159277795
2017-06-08,153.59,154.75,153.1,154.54,160162,0.18,1.16,0.92,0.003,-0.110791272752836,0.0020265885214988265
2017-06-09,154.5,155.59,146.61,149.7,315160,-0.12,0.01,2.38,0.003,-0.11444928769602,0.010330546926404104
2017-06-12,148.4,149.5,144.56,148.8,284441,-0.11,-0.27,0.35,0.003,-0.126092809569674,-0.033587336329592245
2017-06-13,148.82,151.18,148.82,150.97,183830,0.55,0.09,-0.14,0.003,-0.129757942669962,-0.007784255981473991
2017-06-14,151.36,152.4,149.05,149.6,177888,-0.17,-0.47,-0.55,0.003,-0.13326265129497,0.014977486701919486
2017-06-15,148.05,150.04,146.37,149.8,171215,-0.3,-0.24,-0.12,0.003,-0.136607391182986,-0.002857762952456446
2017-06-16,149.64,150.9,148.6,150.9,195080,-0.03,-0.23,-0.18,0.003,-0.139792597270606,-0.0029994823054957276
2017-06-19,151.0,153.57,151.0,152.98,167496,0.86,0.12,-0.75,0.003,-0.148389998064497,0.00559178660073263
2017-06-20,153.16,153.84,152.19,152.22,133937,-0.73,-0.4,-0.51,0.003,-0.15110263714796,0.014694976594859103
2017-06-21,151.9,154.08,151.75,153.82,135670,-0.07,-0.04,-1.69,0.003,-0.153824314110335,-0.004063947715406451
2017-06-22,153.92,154.55,152.91,153.48,116716,0.02,0.52,-0.42,0.003,-0.156555382867607,0.010844135391070313
2017-06-23,153.47,155.24,152.65,155.1,151751,0.24,0.83,-0.51,0.003,-0.159296198557031,-0.003319192161350711
2017-06-26,155.54,156.5,153.19,153.76,163072,0.04,-0.06,0.69,0.003,-0.167408957929345,0.01082782319723461
2017-06-27,153.66,153.66,150.39,150.53,175140,-0.84,-0.4,1.33,0.003,-0.169718347350246,-0.009589984632786309
2017-06-28,150.2,153.59,149.2,153.58,150769,1.02,0.75,0.21,0.003,-0.171736966231432,-0.019792170680221884
2017-06-29,153.4,153.4,148.91,151.0,214698,-0.83,-0.11,1.38,0.003,-0.173465077066029,0.017510834757051574
2017-06-30,150.88,152.1,150.06,150.86,130067,0.14,-0.09,-0.24,0.003,-0.174902904570655,-0.014460696409153649
2017-07-03,151.25,152.15,147.8,148.43,123399,0.24,0.35,1.21,0.004,-0.178130739169364,-0.00039730483394747354
2017-07-05,148.3,150.85,147.8,150.36,126298,0.12,-0.7,-0.57,0.004,-0.181319141270289,-0.017033931741508253
2017-07-06,150.36,150.36,148.0,148.82,133183,-0.95,-0.5,0.11,0.004,-0.183467989408304,0.01278594966656869
2017-07-07,148.5,151.99,148.4,151.48,119890,0.7,0.42,-0.41,0.004,-0.185986958810591,-0.010161800137160944
2017-07-10,152.0,153.98,151.47,153.52,119659,0.05,-0.43,-0.09,0.004,-0.195398652766362,0.017451951101815084
2017-07-11,153.6,155.43,152.91,155.2,119496,0.0,0.38,-0.53,0.004,-0.198975000048085,0.013511046919634133
2017-07-12,155.48,159.16,155.32,158.91,197904,0.72,0.13,-0.53,0.004,-0.20286612670554,0.011464995727402926
2017-07-13,158.95,159.78,158.42,159.23,122455,0.17,-0.06,0.37,0.004,-0.207072538725273,0.02310947302841772
2017-07-14,159.3,160.32,159.02,160.1,145503,0.42,-0.13,-0.51,0.004,-0.211594783092276,0.002263019651023274
2017-07-17,160.03,160.78,158.81,160.37,108775,0.0,0.21,0.13,0.004,-0.226750496681746,0.0044482484705808375
2017-07-18,160.55,163.73,158.75,162.95,206661,0.04,-0.3,-0.33,0.004,-0.231968295443467,-0.001501439145070269
2017-07-19,163.3,165.7,162.98,164.49,215578,0.59,0.53,0.03,0.004,-0.237243237019247,0.01940607741962236
2017-07-20,164.5,165.14,162.81,164.49,161233,-0.01,0.05,-0.01,0.004,-0.242576007341385,0.007828773929976851
2017-07-21,164.75,165.05,163.45,164.48,126748,-0.08,-0.42,-0.28,0.004,-0.247967299862002,0.0023732022114343874
2017-07-24,164.43,166.5,164.15,165.19,155942,-0.03,0.12,-0.2,0.004,-0.264449186758753,-0.0006080131658128825
2017-07-25,165.25,165.85,163.86,165.5,136407,0.38,0.37,0.92,0.004,-0.270099437105267,0.009502883201716349
2017-07-26,165.5,173.39,158.0,171.1,316282,-0.06,-0.36,-0.7,0.004,-0.27587974922377,-0.004346789035553579
2017-07-27,171.6,179.21,167.5,169.78,588854,-0.14,-0.62,0.45,0.004,-0.281790874762927,0.001994633318692789
2017-07-28,170.0,173.43,169.05,172.48,223913,-0.17,-0.06,0.24,0.004,-0.287833582381857,0.028747707726363432
2017-07-31,172.37,172.72,168.55,168.81,224820,-0.11,-0.33,0.44,0.004,-0.306641007968043,0.011723981620457074
2017-08-01,170.5,171.05,168.85,170.74,128698,0.24,-0.24,0.18,0.004,-0.313170729861265,-0.018730410194118557
2017-08-02,170.35,170.9,166.91,169.15,155706,-0.08,-1.18,0.15,0.004,-0.320015046667468,0.003597662446680148
2017-08-03,169.4,169.7,168.25,168.6,93940,-0.21,-0.33,-0.29,0.004,-0.326592908121781,-0.0033022673799513688
2017-08-04,169.0,170.06,168.59,169.65,95677,0.25,0.3,0.36,0.004,-0.332905169582995,-0.004202598757603216
2017-08-07,170.0,172.25,169.66,172.0,114310,0.16,-0.09,-0.6,0.004,-0.350067451973404,0.006090903354387483
2017-08-08,172.22,173.05,170.4,170.6,129080,-0.24,-0.09,0.21,0.004,-0.355310663378399,0.013817556268334214
2017-08-09,170.5,171.45,169.56,171.05,95137,-0.14,-0.76,-0.1,0.004,-0.360466457401437,-0.004370509083744684
2017-08-10,170.69,170.73,166.5,166.58,175439,-1.49,-0.3,0.25,0.004,-0.365535504481349,-0.0002920650796519671
2017-08-11,166.56,169.18,166.0,168.15,123545,0.2,0.24,-0.88,0.004,-0.370518463776739,-0.02232947134775474
2017-08-14,169.2,171.08,168.08,170.99,114333,1.03,0.26,0.06,0.004,-0.384593852664068,0.004053946222760168
2017-08-15,171.25,171.6,170.01,170.9,78009,-0.11,-0.85,-0.04,0.004,-0.388648183549142,0.015760430015058797
2017-08-16,171.05,171.97,169.24,169.74,139561,0.18,-0.13,-0.45,0.004,-0.392392219624266,0.0014630580517603152
2017-08-17,170.0,170.0,166.61,166.76,151169,-1.59,-0.17,-0.15,0.004,-0.395826447748915,-0.005865119452398134
2017-08-18,167.02,168.67,166.21,167.4,137136,-0.15,0.14,0.21,0.004,-0.398951314496374,-0.018343668094924923
2017-08-21,167.0,168.0,165.82,167.84,105687,0.06,-0.25,-0.22,0.004,-0.406337435140129,0.002991148365791508
2017-08-22,168.25,169.87,167.15,169.8,102113,1.07,-0.02,-0.25,0.004,-0.408092670927026,0.0022076741368343192
2017-08-23,169.5,169.5,168.2,168.22,84008,-0.32,0.1,0.4,0.004,-0.409540484669668,0.011024947253591069
2017-08-24,169.15,169.5,166.41,167.52,120132,-0.14,0.6,0.18,0.004,-0.410681064635962,-0.005497232602354775
2017-08-25,167.88,168.5,166.0,166.08,112483,0.18,0.13,0.58,0.004,-0.411514559142365,-0.005766114744897836
2017-08-28,166.0,167.7,165.88,166.45,74511,0.08,0.35,-0.74,0.004,-0.412036895922908,-0.008501505727002515
2017-08-29,165.4,168.43,165.0,168.34,94830,0.1,0.14,-0.39,0.004,-0.409673791110491,0.005516250748218888
2017-08-30,168.5,170.18,167.63,169.86,96323,0.53,0.02,-0.32,0.004,-0.405171063668643,0.004831635637426714
2017-08-31,170.23,172.15,170.05,172.0,150739,0.62,0.47,-0.42,0.004,-0.398528128080701,0.011066154260384653
2017-09-01,172.02,172.92,171.31,172.19,102352,0.27,0.41,0.44,0.005,-0.389744120525895,0.011992322527746714
2017-09-05,171.8,172.39,169.55,170.79,114148,-0.81,0.1,-0.95,0.005,-0.337488147514213,0.0002907235653674183
2017-09-06,171.11,172.48,169.57,171.8,120903,0.28,-0.03,0.13,0.005,-0.322882953007662,-0.007585978965455604
2017-09-07,171.95,173.31,170.27,173.13,158929,-0.07,0.15,-0.93,0.005,-0.308120023856134,0.007992779122180143
2017-09-08,172.98,173.49,170.8,170.95,97748,-0.16,0.04,0.36,0.005,-0.29319744034738,0.006487199062391129
2017-09-11,172.08,173.89,171.99,173.51,109411,1.08,-0.12,0.63,0.005,-0.246475878567864,-0.01313367305923977
2017-09-12,173.95,174.0,171.75,172.95,100013,0.43,0.25,0.71,0.005,-0.229463991232154,0.014864107260477787
2017-09-13,172.93,173.17,172.06,172.91,81632,0.11,0.31,0.36,0.005,-0.211827653187883,-0.003174811434114382
2017-09-14,172.9,172.9,170.45,170.55,140710,-0.12,-0.04,-0.07,0.005,-0.193564571076202,0.0005201930547006137
2017-09-15,171.19,172.34,170.26,171.5,128739,0.19,0.28,0.12,0.005,-0.174672370038974,-0.012150935461241527
2017-09-18,172.07,172.4,169.34,170.55,106856,0.24,0.37,0.2,0.005,-0.113674268920605,0.003969602341034537
2017-09-19,170.4,172.56,170.36,172.3,108347,0.15,-0.28,0.35,0.005,-0.0912099902931879,-0.009542024857573677
2017-09-20,172.41,173.05,170.7,172.1,102566,0.16,0.23,0.52,0.005,-0.0675949453481358,0.01465596552575731
2017-09-21,172.5,172.6,170.01,171.0,101260,-0.28,0.1,0.37,0.005,-0.0428260632794721,-0.0020308457934045464
2017-09-22,170.72,171.73,169.1,170.0,107150,0.12,0.44,0.13,0.005,-0.016900123240856,-0.006175718783882212
2017-09-25,169.99,170.52,161.56,163.3,371810,-0.25,0.31,0.63,0.005,0.0678679819070364,-0.0033367981202589926
2017-09-26,163.3,165.5,162.78,164.4,205934,0.05,0.39,0.13,0.005,0.0982563006953038,-0.04601752638167572
2017-09-27,164.99,168.34,164.85,167.9,162660,0.63,1.39,0.17,0.005,0.129605474806151,0.00819383324594867
2017-09-28,167.42,169.07,167.16,168.82,107528,0.13,0.16,-0.07,0.005,0.161919580760772,0.020911220254406445
2017-09-29,169.25,171.66,168.8,170.89,134326,0.35,-0.12,-0.27,0.005,0.195202820556238,0.006242421117239207
2017-10-02,171.05,171.87,168.75,169.48,115948,0.5,0.84,0.16,0.004,0.299963178219699,0.012603223694437058
2017-10-03,169.9,170.73,169.12,169.96,71814,0.26,-0.03,-0.02,0.004,0.333285118843475,-0.008227078292139712
2017-10-04,170.23,170.67,168.0,168.55,106172,0.05,-0.28,-0.45,0.004,0.36466429525542,0.0028872305267416166
2017-10-05,168.55,171.34,168.55,170.91,126287,0.55,-0.34,0.35,0.004,0.394104787878107,-0.00910230870599953
2017-10-06,171.04,172.37,169.75,172.15,110641,-0.08,-0.08,-0.25,0.004,0.421610425035426,0.01660526274875839
2017-10-09,172.36,174.88,172.0,172.52,126431,-0.22,-0.28,-0.05,0.004,0.493068577545861,0.005764659147367127
2017-10-10,173.0,173.22,170.8,171.65,93357,0.24,-0.01,0.42,0.004,0.513451756136444,0.0015664668485171433
2017-10-11,171.6,172.78,171.4,172.6,95563,0.16,-0.2,-0.22,0.004,0.531983375029049,-0.0052893494852667205
2017-10-12,172.7,173.85,172.29,172.64,89819,-0.18,0.04,-0.51,0.004,0.548665844001265,0.006679715811226885
2017-10-13,173.08,174.65,172.8,173.94,117830,0.04,-0.22,0.11,0.004,0.563501332374621,-0.0011005358670975825
2017-10-16,174.15,175.0,174.06,174.8,96382,0.17,-0.28,0.37,0.004,0.597392091462996,0.006872890680131674
2017-10-17,174.45,176.4,174.36,176.4,135880,0.01,-0.33,-0.28,0.004,0.605807337834166,0.004479413565008914
2017-10-18,176.49,176.89,175.75,175.9,111685,0.14,0.31,0.22,0.004,0.612885677390371,0.009069434309845302
2017-10-19,175.24,176.46,172.63,174.5,119608,0.02,-0.38,0.17,0.004,0.618628030570574,-0.0004543761082321459
2017-10-20,175.05,175.88,174.63,174.94,95366,0.57,-0.07,0.28,0.004,0.62303514408741,-0.00838591874964899
2017-10-23,175.1,175.74,171.25,171.63,119058,-0.45,-0.42,0.12,0.004,0.628195351919392,0.0024031481909806114
2017-10-24,171.7,173.24,171.42,171.8,97537,0.2,-0.18,0.47,0.004,0.627080722657442,-0.02143037681914894
2017-10-25,171.85,172.25,168.89,170.88,123221,-0.51,-0.01,0.11,0.004,0.624501738182144,0.0030897450131062137
2017-10-26,171.36,173.6,170.39,173.25,91854,0.2,0.04,0.22,0.004,0.620458063132674,-0.007009356784753737
2017-10-27,173.53,178.21,173.3,177.82,258683,0.82,-0.02,-1.01,0.004,0.614949171685703,0.00017582861477731025
2017-10-30,178.0,180.69,177.61,179.94,205765,-0.46,-0.8,-0.06,0.004,0.589698739033004,0.04161169490898908
2017-10-31,180.27,180.86,178.94,180.84,169258,0.23,0.81,-0.22,0.004,0.578491467937486,0.01112514619069211
2017-11-01,181.0,188.0,178.6,179.25,361666,0.05,-0.8,0.15,0.004,0.565909412923154,0.0010557776308972016
2017-11-02,179.34,182.66,177.34,179.05,305338,0.06,-0.03,0.49,0.004,0.553715567722558,0.014336405589220015
2017-11-03,179.05,179.86,176.71,178.78,150597,0.31,-0.42,-0.69,0.004,0.54164539457228,-0.020687755775674912
2017-11-06,179.24,180.45,178.01,180.29,113233,0.06,0.2,0.19,0.004,0.506141058246121,0.0
2017-11-07,180.33,180.75,178.96,180.0,104900,-0.2,-1.36,-0.37,0.004,0.49486460397809,0.006962071140514427
2017-11-08,179.8,180.35,179.11,179.56,82774,0.12,0.06,-0.62,0.004,0.484038972923172,0.00044393763807705293
2017-11-09,179.6,179.6,177.09,179.3,104125,-0.41,-0.02,0.22,0.004,0.473662757359612,-0.003835373389665218
2017-11-10,179.3,179.3,177.93,178.05,85030,0.01,0.05,-0.38,0.004,0.463734608005846,-0.0014490054325716078
2017-11-13,178.62,179.04,177.3,178.65,73445,0.09,-0.3,0.02,0.004,0.436270900658841,-0.004695871646340943
2017-11-14,179.0,179.15,177.18,177.85,77794,-0.22,-0.13,0.0,0.004,0.426963097368554,0.001735560105635244
2017-11-15,177.68,178.68,176.06,178.65,83530,-0.52,-0.05,0.24,0.004,0.417292781736881,-0.003923315078510044
2017-11-16,179.0,179.83,178.5,179.64,112186,1.01,0.85,-0.52,0.004,0.407258696274663,-0.000674175626072513
2017-11-17,179.74,179.98,178.7,178.85,101468,-0.14,0.74,0.29,0.004,0.396859536189564,0.009173857660156349
2017-11-20,179.0,179.5,178.1,178.74,79243,0.21,0.56,0.0,0.004,0.363907316333774,-0.003290646916934845
2017-11-21,178.87,181.9,178.87,181.88,117391,0.67,0.41,-0.35,0.004,0.352835978212606,-0.0014535419139165408
2017-11-22,181.99,182.08,180.44,180.7,86277,-0.05,0.1,-0.03,0.004,0.341745081405307,0.017304901869663755
2017-11-24,181.0,183.15,180.2,182.65,80669,0.21,0.02,-0.45,0.004,0.319498840138029,-0.005458652271243048
2017-11-27,182.87,183.73,181.99,182.92,92566,-0.06,-0.37,0.03,0.004,0.286043516357663,0.010504724847738447
2017-11-28,183.0,184.25,182.09,182.35,113783,1.06,0.39,0.86,0.004,0.274758671359024,0.0013668299952881704
2017-11-29,182.37,182.45,174.0,175.25,365259,0.02,0.04,1.44,0.004,0.263301018474863,-0.003338358579983406
2017-11-30,175.99,178.28,175.2,177.06,192429,0.82,-0.56,-0.51,0.004,0.251669067797833,-0.04078312595350957
2017-12-01,177.0,177.48,172.34,175.0,157155,-0.22,-0.37,0.37,0.004,0.239861306755599,0.011637541641247733
2017-12-04,176.16,176.7,170.79,171.42,208102,-0.1,-0.35,1.23,0.004,0.203950446466966,-0.011808851918101156
2017-12-05,171.0,175.38,169.01,173.09,154654,-0.43,-0.44,-0.24,0.004,0.191400017420096,-0.020948943535255334
2017-12-06,172.35,176.77,171.5,176.51,142594,-0.09,-0.45,-0.52,0.004,0.178436477527147,0.007900133961782579
2017-12-07,176.8,180.39,175.8,180.27,170026,0.42,0.25,-0.17,0.004,0.165058141061249,0.018516370688529942
2017-12-08,180.52,182.28,178.74,179.25,146370,0.51,-0.44,-0.13,0.004,0.151263268357047,0.022909486131362525
2017-12-11,179.58,180.22,178.8,179.24,105992,0.26,-0.4,-0.14,0.004,0.107681927776768,-0.006348514963603738
2017-12-12,178.9,179.18,176.6,176.96,138818,0.07,-0.52,0.52,0.004,0.0931505769335561,0.000223399625450904
2017-12-13,177.1,179.16,176.86,178.55,117007,0.02,0.71,-0.88,0.004,0.0788207423871371,-0.011685447575274784
2017-12-14,178.87,180.37,177.68,178.33,102304,-0.47,-0.69,-0.21,0.004,0.0646905607431509,0.0075437838037383485
2017-12-15,178.82,180.5,178.3,180.21,234542,0.92,0.68,0.03,0.004,0.0507581945693023,0.0005046174628112743
2017-12-18,180.25,181.5,179.75,180.68,117843,0.67,0.75,0.26,0.004,0.00982330136827885,0.0099841532157735
2017-12-19,181.0,181.0,178.22,179.58,120236,-0.3,-0.36,-0.26,0.004,-0.00407696220151604,0.003545787648497154
2017-12-20,179.93,180.3,177.36,177.8,98111,0.01,0.36,0.05,0.004,-0.0182229109611447,-0.007271211192374577
2017-12-21,177.47,178.68,177.05,177.58,92295,0.24,0.27,0.63,0.004,-0.0326163843931955,-0.009065512713650104
2017-12-22,177.75,177.75,176.23,177.0,66591,-0.07,-0.23,-0.2,0.004,-0.0472592541673749,-0.0024765139293923327
2017-12-26,176.89,177.0,174.67,176.3,64278,-0.07,0.34,-0.06,0.004,-0.107914232099403,-0.0014098409453767303
2017-12-27,176.25,178.44,175.92,177.65,73955,0.05,-0.13,-0.19,0.004,-0.123318766510856,-0.006851817588133534
2017-12-28,178.27,178.94,177.68,177.8,97024,0.22,0.12,0.04,0.004,-0.138791191773281,0.009219205027550267
2017-12-29,178.1,178.85,176.05,176.4,72860,-0.57,-0.3,0.02,0.004,-0.154333519858965,0.0016875911408358053
2018-01-02,176.45,181.68,176.29,181.68,146687,0.85,0.36,-0.22,0.005,-0.217496264284717,-0.008239738358205581
2018-01-03,181.81,184.74,181.33,184.51,132999,0.59,-0.39,-0.21,0.005,-0.232147614466136,0.027720512699650555
2018-01-04,184.99,186.21,184.09,184.72,111296,0.42,-0.26,0.24,0.005,-0.245421573725822,0.017755663464996744
2018-01-05,184.99,187.0,184.93,187.0,102912,0.66,-0.34,-0.26,0.005,-0.257319868156335,-0.001842797269463724
2018-01-08,186.9,188.9,186.33,187.93,118043,0.19,-0.16,0.07,0.005,-0.284600532647142,0.01357854768462374
2018-01-09,188.25,188.8,187.1,187.59,103803,0.15,-0.36,-0.03,0.005,-0.29152004113636,0.007624023178891291
2018-01-10,187.0,188.05,185.63,188.05,83222,-0.07,0.07,0.58,0.005,-0.297754897924388,-0.002180003556643812
2018-01-11,188.2,188.5,187.38,187.68,72533,0.87,1.16,0.29,0.005,-0.303305913767063,-0.00015969232004653315
2018-01-12,187.0,187.0,177.0,179.85,662889,0.66,-0.3,0.17,0.005,-0.308173810496278,-0.0003726844376354547
2018-01-16,182.0,182.3,178.01,178.02,289485,-0.49,-1.02,-0.02,0.005,-0.318318569854458,-0.04576714722179622
2018-01-17,179.3,179.32,175.8,177.8,229016,0.95,-0.02,-0.15,0.005,-0.31734392852032,-0.005478524528100065
2018-01-18,177.8,180.98,177.08,179.6,186185,-0.18,-0.5,-0.25,0.005,-0.314900794298754,-0.004438294815627819
2018-01-19,179.99,182.37,179.99,181.3,198981,0.57,0.94,-0.07,0.005,-0.310988849494361,0.012311274380872568
2018-01-22,180.7,186.5,180.41,186.02,163101,0.77,-0.34,-0.14,0.005,-0.290361481142267,0.008252781706682212
2018-01-23,186.19,189.55,185.35,189.01,207401,0.22,0.14,-0.33,0.005,-0.280418187797217,0.02225588033850876
2018-01-24,189.01,190.66,186.52,187.14,191250,-0.13,-0.8,0.39,0.005,-0.268925129276834,0.02124338526723825
2018-01-25,187.1,188.62,186.6,187.48,137363,0.07,0.17,-0.49,0.005,-0.255880811069765,-0.014897870286508559
2018-01-26,187.49,190.05,186.81,189.89,135114,1.11,-0.62,-0.5,0.005,-0.241283536945052,0.004972835970249749
2018-01-29,189.85,189.85,185.63,186.24,170506,-0.62,-0.02,-0.26,0.005,-0.188157828665445,0.013351920441590087
2018-01-30,185.94,188.18,181.84,187.15,169650,-1.06,0.11,-0.17,0.005,-0.167855986503298,-0.021384952618124144
2018-01-31,187.88,194.68,177.1,189.5,367105,-0.07,-0.72,0.06,0.005,-0.146514159614372,0.006110976012740241
2018-02-01,190.01,195.32,186.89,193.67,465112,0.03,0.1,0.51,0.006,-0.124129572792873,-0.0012298924236323035
2018-02-02,193.03,194.21,189.1,189.5,220352,-2.13,0.03,-0.27,0.006,-0.102130379390453,0.032636177607248754
2018-02-05,188.94,190.61,178.6,179.6,259462,-4.03,0.78,-0.56,0.006,-0.0444466374329545,-0.014659714430051155
2018-02-06,179.25,185.77,176.25,185.05,300623,1.67,-0.51,-0.23,0.006,-0.0270629556222393,-0.048564229266717385
2018-02-07,185.05,185.09,178.9,179.6,227808,-0.37,0.51,0.27,0.006,-0.0103984666292784,0.022097650541241364
2018-02-08,180.5,181.84,171.48,172.5,297195,-3.68,0.83,0.47,0.006,0.00554899652941359,-0.028073775209937403
2018-02-09,172.5,176.79,167.18,176.5,320914,1.36,-0.62,0.11,0.006,0.0207815075981508,-0.04890667057206488
2018-02-12,177.49,178.69,171.84,176.05,251021,1.36,-0.43,-0.29,0.006,0.0619840523925158,0.026059163684073777
2018-02-13,176.55,176.55,173.1,173.8,177951,0.31,0.05,-0.23,0.006,0.0732573108746084,0.0017020484975025008
2018-02-14,174.7,179.81,172.25,179.3,233081,1.52,0.26,0.46,0.006,0.0829307452287553,-0.018652617786371273
2018-02-15,179.99,180.8,176.84,180.2,170392,1.21,-0.14,-0.65,0.006,0.0910056133496631,0.0361284084195766
2018-02-16,180.5,181.1,176.3,177.19,160438,0.03,0.36,0.13,0.006,0.0974829652608802,0.0024479982545323135
2018-02-20,176.6,177.95,175.11,176.35,176601,-0.62,-0.36,-0.26,0.006,0.112238918028445,-0.01455307192419752
2018-02-21,176.0,181.27,175.8,177.03,185400,-0.43,0.78,0.2,0.006,0.11536922583839,-0.0076407877479049945
2018-02-22,177.03,180.21,177.0,179.5,146359,0.01,0.04,-0.39,0.006,0.118390074339576,0.010737043731560808
2018-02-23,179.95,183.61,179.51,183.3,150957,1.54,-0.36,-0.14,0.006,0.121301856351058,0.006052139362967681
2018-02-26,183.88,185.66,183.22,185.02,141979,1.12,-0.49,-0.07,0.006,0.12956306571289,0.02373959349998112
2018-02-27,184.06,184.89,181.46,181.75,127083,-1.25,-0.2,0.01,0.006,0.132694208050479,0.008907777451713396
2018-02-28,181.75,182.88,178.21,179.1,140391,-1.1,-0.4,-0.31,0.006,0.136193555491507,-0.01894205492714742
2018-03-01,179.11,180.12,174.41,176.25,185810,-1.18,1.01,-0.04,0.006,0.140061563077115,-0.017455553984592715
2018-03-02,176.05,177.11,172.99,176.8,162396,0.7,1.16,-0.5,0.006,0.14439797168993,-0.013436689140844046
2018-03-05,176.6,181.15,175.89,180.4,131166,1.06,-0.39,0.25,0.006,0.160168934208162,0.0038574645392508676
2018-03-06,181.01,182.38,177.06,177.26,123896,0.36,0.67,0.1,0.006,0.165691714070215,0.021176070637808193
2018-03-07,177.71,183.82,177.63,183.25,157627,0.05,0.8,-0.45,0.006,0.171169484169008,-0.0034426987861999273
2018-03-08,183.8,184.4,181.45,182.44,128227,0.37,-0.49,-0.33,0.006,0.17660295681185,0.021624589841478543
2018-03-09,182.5,185.51,182.2,184.5,146429,1.7,-0.27,0.28,0.006,0.181992838545788,-0.007485411204661793
2018-03-12,185.06,186.1,184.22,184.65,124218,-0.09,0.46,-0.06,0.006,0.198166502094675,0.015725220320141432
2018-03-13,185.0,185.99,180.55,181.4,147214,-0.67,0.09,-0.01,0.006,0.203816033711408,-0.002540616039587699
2018-03-14,182.23,184.25,181.85,184.0,136389,-0.53,0.23,-0.54,0.006,0.209593956717033,-0.015710502052806954
2018-03-15,184.13,184.19,182.19,184.18,123061,-0.18,-0.41,0.31,0.006,0.215501022449543,0.01262068794190159
2018-03-16,184.18,185.33,183.41,185.2,138076,0.25,0.46,0.2,0.006,0.221537999040135,-0.0017932405148347072
2018-03-19,184.0,184.0,170.0,170.0,767841,-1.38,0.34,0.41,0.006,0.240526468475004,0.0066675677829875594
2018-03-20,170.21,172.7,161.95,166.8,1146454,0.15,-0.07,-0.38,0.006,0.246847612817464,-0.0700971811667876
2018-03-21,166.24,173.4,163.3,169.6,944863,-0.06,0.75,0.45,0.006,0.252969096891588,-0.025888587986877886
2018-03-22,169.6,170.27,162.51,162.71,641753,-2.54,0.5,-0.46,0.006,0.258891716710677,0.007347340190902611
2018-03-23,162.7,167.1,158.8,159.1,437581,-2.09,0.2,-0.2,0.006,0.26461624242852,-0.026925163846526504
2018-03-26,155.45,161.44,149.02,159.6,1096471,2.67,-0.69,0.02,0.006,0.281032357202669,-0.0339245559911855
2018-03-27,159.8,162.85,150.75,151.68,663064,-1.87,-0.24,0.39,0.006,0.287507609694113,0.004194709586543739
2018-03-28,151.5,155.88,150.0,153.83,508499,-0.35,0.11,0.65,0.006,0.294900562965859,-0.05022188303490136
2018-03-29,154.01,161.42,154.0,160.05,489633,1.41,-0.29,-0.21,0.006,0.303212178367978,0.005307124659594025
2018-04-02,160.0,160.06,154.11,155.9,303495,-2.29,-0.14,0.39,0.006999999999999999,0.344788357971203,0.04322643527552037
2018-04-03,157.49,157.49,150.81,155.43,356273,1.24,-0.05,0.17,0.006999999999999999,0.354501550880841,-0.027922329980576806
2018-04-04,153.0,160.7,150.49,159.73,402489,1.17,0.32,-0.31,0.006999999999999999,0.362811245396964,0.004622814011092767
2018-04-05,159.73,161.6,156.6,156.67,349355,0.75,0.03,0.48,0.006999999999999999,0.369718522079006,-0.0064907845071028696
2018-04-06,156.8,161.42,156.8,157.3,342756,-2.19,0.4,-0.06,0.006999999999999999,0.375224279121595,0.02697014998145556
2018-04-09,158.79,160.53,156.04,156.58,300862,0.3,-0.15,-0.5,0.006999999999999999,0.383734349959066,-0.013521397937531085
2018-04-10,159.0,165.98,157.01,164.58,514339,1.77,0.4,-0.12,0.006999999999999999,0.384331112957238,0.0046329916473912105
2018-04-11,164.42,168.65,162.81,166.65,500039,-0.49,0.92,-0.31,0.006999999999999999,0.383824282515182,0.04403597379050752
2018-04-12,166.65,168.36,163.1,163.57,327714,0.84,-0.22,0.19,0.006999999999999999,0.382213792726692,0.00772585928826339
2018-04-13,163.6,165.71,163.5,164.7,166022,-0.37,0.02,-0.25,0.006999999999999999,0.37949943417012,-0.014840285591157765
2018-04-16,165.01,165.99,163.39,165.4,159882,0.82,0.08,-0.04,0.006999999999999999,0.364828540990154,0.003958767629235462
2018-04-17,165.5,169.0,165.2,168.4,178976,1.09,0.16,-1.18,0.006999999999999999,0.356975889080559,0.0018824842016016575
2018-04-18,169.0,169.3,165.77,166.8,171169,0.13,0.24,0.02,0.006999999999999999,0.347198578450613,0.022970225985869588
2018-04-19,166.4,168.35,165.2,168.1,156284,-0.49,-0.46,1.08,0.006999999999999999,0.335495337697955,-0.013730756977076274
2018-04-20,167.01,168.43,165.81,166.7,151737,-0.81,0.06,0.62,0.006999999999999999,0.321864644979974,0.010404955221837948
2018-04-23,166.5,168.45,165.05,165.65,196780,-0.05,-0.08,0.2,0.006999999999999999,0.270306026485515,-0.010885967737124806
2018-04-24,166.8,167.48,158.19,160.27,296883,-1.3,0.52,0.98,0.006999999999999999,0.250703826140002,-0.00264966436259373
2018-04-25,160.0,172.1,156.19,171.4,347190,0.1,-0.34,0.01,0.006999999999999999,0.230004412828141,-0.03778899563084922
2018-04-26,169.07,176.27,168.8,175.5,644154,0.96,-0.41,-0.85,0.006999999999999999,0.208205094881028,0.0
2018-04-27,176.0,177.7,172.6,173.7,250445,0.01,-0.27,0.07,0.006999999999999999,0.185303037602563,0.08673999151663651
2018-04-30,174.11,175.72,171.5,171.93,152712,-0.8,0.03,-0.08,0.006999999999999999,0.110025815455885,-0.0032782660560223297
2018-05-01,172.3,174.78,170.23,174.28,225673,0.24,0.22,-0.53,0.006,0.0826754372310231,-0.009201697024202564
2018-05-02,175.0,178.08,173.5,176.12,257504,-0.63,1.26,-0.28,0.006,0.0550547153057881,0.010755906589219457
2018-05-03,176.25,176.5,172.12,174.35,180642,-0.25,-0.5,-0.17,0.006,0.0287977783980266,0.012631299592594236
2018-05-04,174.11,176.98,173.06,176.75,140990,1.3,0.03,-0.23,0.006,0.00390121216069933,-0.011711424871525091
2018-05-07,177.2,179.5,177.03,177.93,148399,0.42,0.42,-0.36,0.006,-0.0624998305195608,0.014773659246731461
2018-05-08,177.75,179.04,176.91,178.9,126913,0.07,0.48,0.26,0.006,-0.081434942986366,0.007671085010345589
2018-05-09,178.85,183.01,178.78,182.9,171142,0.89,-0.19,0.24,0.006,-0.0986313812726886,0.005323765005648227
2018-05-10,182.95,186.13,182.5,185.2,178617,0.84,-0.43,-0.04,0.006,-0.114091381534571,0.020687755775675026
2018-05-11,185.1,188.32,184.18,186.97,169957,0.19,0.11,-0.37,0.006,-0.127816954128604,0.015590065486680375
2018-05-14,187.5,187.98,186.2,186.55,129026,0.05,-0.35,0.11,0.006,-0.158838540969305,0.007838577579443845
2018-05-15,185.6,186.18,183.2,184.01,121500,-0.55,0.68,0.41,0.006,-0.16590281338494,-0.0018735438730001922
2018-05-16,183.91,184.7,182.76,183.3,139160,0.5,0.7,-0.24,0.006,-0.171265466138019,-0.012508206870309855
2018-05-17,182.67,184.06,182.22,183.85,106354,0.02,0.9,0.25,0.006,-0.174927196566453,-0.0060949796204724065
2018-05-18,184.0,184.19,182.52,182.6,101306,-0.23,0.56,-0.58,0.006,-0.17688848082702,0.0030520953069550424
2018-05-21,183.84,185.3,182.68,184.4,94528,0.72,-0.21,0.43,0.006,-0.1727797441044,-0.0058945811730123825
2018-05-22,184.6,185.42,183.43,183.75,88864,-0.42,-0.75,0.59,0.006,-0.168879830254966,0.00985933857298699
2018-05-23,182.75,186.91,181.75,186.81,132667,0.29,0.05,-0.71,0.006,-0.164010261231238,-0.00374706232773775
2018-05-24,186.81,187.25,185.03,186.0,95804,-0.16,0.34,-0.31,0.006,-0.158170403813939,0.016725456115112076
2018-05-25,185.6,186.33,184.45,185.03,85269,-0.21,0.23,-0.4,0.006,-0.151359498611372,-0.005203461215394618
2018-05-29,183.75,186.81,183.12,185.54,131133,-1.03,1.32,-1.03,0.006,-0.113007425965941,-0.0054469328388563505
2018-05-30,186.54,188.0,185.25,187.62,112201,1.31,0.06,0.35,0.006,-0.100137432057129,0.004424584962674632
2018-05-31,187.9,192.72,187.31,192.25,200645,-0.7,0.07,-0.4,0.006,-0.0859564174953928,0.010337217378965407
2018-06-01,192.26,194.55,191.78,193.99,138309,1.06,-0.22,-0.13,0.006,-0.0704625382383274,0.021663785865050352
2018-06-04,194.0,194.4,190.3,193.18,148338,0.48,0.17,-0.46,0.006,-0.0265056718667572,0.011457760606311608
2018-06-05,193.25,195.0,192.0,192.7,124270,0.16,0.82,-0.41,0.006,-0.0128790434706712,-0.003666727544929692
2018-06-06,191.6,192.53,189.11,191.23,179457,0.86,-0.34,0.17,0.006,0.000178310898224731,-0.0017606394642847994
2018-06-07,191.6,191.6,186.77,187.91,183740,-0.14,-0.29,0.92,0.006,0.0126680891660588,-0.00832734076349816
2018-06-08,186.6,197.09,178.18,188.4,107277,0.31,0.08,-0.4,0.006,0.0245919154536342,-0.01665301496463429
2018-06-11,188.4,192.6,188.4,191.54,111679,0.12,0.18,-0.16,0.006,0.0571652338071936,0.00487709301346324
2018-06-12,191.8,193.28,191.5,192.63,93867,0.23,0.24,-0.61,0.006,0.0669605459016078,0.012820620153926196
2018-06-13,192.01,194.5,191.91,192.35,128494,-0.33,0.1,-0.21,0.006,0.076135050828629,0.004479879498992969
2018-06-14,192.0,197.28,191.5,196.82,164633,0.27,0.32,-0.99,0.006,0.0846899416041768,5.20256752905673e-05
2018-06-15,196.81,197.07,194.64,195.65,179502,-0.08,0.04,-0.24,0.006,0.0926263306720256,0.02261025345139571
2018-06-18,195.0,199.58,194.13,197.51,134508,-0.09,0.74,0.09,0.006,0.112978734486705,-0.004889695425730271
2018-06-19,196.0,197.96,193.79,197.36,156442,-0.38,0.56,-0.18,0.006,0.119136652646728,0.012482362064987856
2018-06-20,197.99,203.55,197.51,202.16,226773,0.23,0.73,-0.52,0.006,0.125122206687597,-0.004143477346886123
2018-06-21,202.2,203.39,200.09,201.1,158571,-0.73,-0.63,0.32,0.006,0.130936174946814,0.022579721935572453
2018-06-22,201.66,202.4,199.31,201.59,144065,0.11,0.01,0.44,0.006,0.136579313449553,-0.00247831601446709
2018-06-25,200.25,201.74,193.11,196.19,207806,-1.48,-0.56,0.55,0.006,0.152293647791149,0.0011903830243273055
2018-06-26,197.3,199.4,196.23,199.4,151246,0.27,0.61,-0.19,0.006,0.156875017495285,-0.027080952829369086
2018-06-27,198.0,200.75,195.62,196.25,153015,-1.02,-0.99,0.39,0.006,0.161100719167028,0.013406013142796647
2018-06-28,197.1,197.34,193.26,196.47,153826,0.58,-0.19,-0.51,0.006,0.164971302299718,-0.01600684582536787
2018-06-29,197.5,198.56,193.95,194.27,133423,0.07,-0.19,-0.24,0.006,0.168487270208502,0.0019894413578632835
2018-07-02,193.5,197.45,192.22,194.96,120132,0.36,0.45,-0.34,0.008,0.17728789183456,-0.009781099540016722
2018-07-03,195.3,195.82,192.52,192.95,114755,-0.44,0.76,0.09,0.008,0.179902991914959,0.015523156571013004
2018-07-05,193.42,198.76,193.42,198.15,172044,0.87,0.42,-0.4,0.008,0.184487578376025,-0.023739252331447507
2018-07-06,198.45,203.64,197.3,202.72,170829,0.88,0.08,-0.38,0.008,0.186457660917975,0.029246939155379674
2018-07-09,204.21,205.8,202.12,205.0,156617,0.93,-0.37,0.78,0.008,0.191777994272058,0.02380115880816569
2018-07-10,204.42,205.24,201.25,201.6,112352,0.21,-0.81,-0.08,0.008,0.193907727191424,0.007402582992759599
2018-07-11,201.82,204.5,201.2,202.75,110719,-0.69,0.0,-0.52,0.008,0.196144161266335,-0.005878394540331073
2018-07-12,203.29,207.25,203.16,207.22,130747,0.86,-0.33,-1.08,0.008,0.198487587313731,-0.004925148029446446
2018-07-13,207.5,208.43,206.45,207.48,98804,0.08,-0.11,-0.29,0.008,0.200938310063361,0.02139487212667907
2018-07-16,207.48,208.72,204.6,205.5,94291,-0.16,-0.73,0.84,0.008,0.209313264605494,0.0019312916159914737
2018-07-17,205.2,210.46,204.1,210.23,132028,0.48,0.24,-0.68,0.008,0.213108545915149,-0.0004342588385629742
2018-07-18,210.0,210.99,208.44,209.38,124353,0.27,-0.25,0.61,0.008,0.217549271844093,0.013230666099512622
2018-07-19,209.2,209.99,207.76,208.5,93714,-0.34,0.97,-0.37,0.008,0.222636019846562,-0.0030046713483320884
2018-07-20,208.66,211.5,208.5,209.94,137333,-0.1,-0.17,0.08,0.008,0.228369451382917,-0.006084603796115727
2018-07-23,209.88,214.72,208.8,214.63,138430,0.15,-0.24,0.38,0.008,0.249297226352946,0.008851125931946613
2018-07-24,214.77,216.2,212.6,214.95,243039,0.22,-1.38,0.52,0.008,0.257243304596583,0.004609736028775501
2018-07-25,215.13,219.0,164.3,173.5,561768,0.83,-0.39,-1.21,0.008,0.265618699463519,0.017670434786413065
2018-07-26,184.87,185.0,169.0,178.25,1454302,-0.2,0.64,0.61,0.008,0.274424500056597,0.013096894579367373
2018-07-27,179.7,180.6,173.0,173.74,439105,-0.82,-1.37,1.15,0.008,0.283661851446902,-0.2102387012244096
2018-07-30,174.75,175.36,166.56,171.0,566900,-0.7,-0.25,1.66,0.008,0.314036873496348,-0.007802950161109194
2018-07-31,171.25,174.24,170.0,173.01,351869,0.51,0.79,-0.96,0.008,0.324846166577263,-0.022142838682388435
2018-08-01,173.06,175.08,170.9,171.5,297780,-0.13,0.09,-0.29,0.006999999999999999,0.335865352485394,0.008846548208158191
2018-08-02,171.5,176.79,169.9,176.45,252173,0.67,0.37,-0.73,0.006999999999999999,0.346684813992852,-0.005403423720139348
2018-08-03,177.05,178.85,176.15,177.73,211597,0.31,-1.06,0.55,0.006999999999999999,0.356425302874896,0.027126547783929783
2018-08-06,178.5,185.8,177.78,185.64,428859,0.46,0.27,-0.32,0.006999999999999999,0.379474483638797,0.007962792455819025
2018-08-07,186.99,188.3,183.72,184.5,288887,0.29,0.01,-0.13,0.006999999999999999,0.385300533564026,0.04353180219454418
2018-08-08,184.5,186.85,183.76,185.35,193152,-0.04,-0.13,0.22,0.006999999999999999,0.390153196450913,-0.010176022858271329
2018-08-09,186.2,186.57,182.48,183.75,164167,-0.05,0.34,-0.32,0.006999999999999999,0.394033103320327,0.007425682693969911
2018-08-10,182.75,182.75,179.42,180.27,182794,-0.6,0.42,-0.23,0.006999999999999999,0.396940758699838,-0.011350473841507783
2018-08-13,179.0,182.61,178.7,180.4,140264,-0.46,-0.15,-0.31,0.006999999999999999,0.40002238516898,-0.015577587986783001
2018-08-14,180.5,181.99,178.62,181.3,153961,0.69,0.32,0.2,0.006999999999999999,0.39923061267458,-0.0011656186336286708
2018-08-15,181.05,181.1,174.79,179.85,288186,-0.91,-0.54,-0.14,0.006999999999999999,0.397465280567991,0.0058699802410283365
2018-08-16,179.99,181.32,174.01,174.61,269739,0.86,-0.07,0.27,0.006999999999999999,0.394726159292488,-0.00876226768531299
2018-08-17,174.62,176.22,172.04,173.35,214162,0.3,0.08,0.04,0.006999999999999999,0.391012892663696,-0.027272119344922442
2018-08-20,174.4,174.89,170.91,172.5,180495,0.25,0.12,0.17,0.006999999999999999,0.374213762427981,-0.005164969875204072
2018-08-21,172.9,174.17,171.39,171.6,169602,0.33,0.88,0.15,0.006999999999999999,0.366951989590674,-0.007507993621096837
2018-08-22,172.07,174.24,171.88,173.69,145063,0.05,0.41,-0.45,0.006999999999999999,0.358875602372332,0.0006953813547391067
2018-08-23,173.9,175.55,172.26,173.0,158429,-0.19,-0.05,-0.33,0.006999999999999999,0.349983550551869,0.005891566846197484
2018-08-24,173.0,174.82,172.92,174.66,121229,0.62,-0.05,-0.51,0.006999999999999999,0.340274677842438,-0.00427082668524686
2018-08-27,175.5,178.67,175.05,177.9,155019,0.74,-0.69,-0.12,0.006999999999999999,0.306261838773815,0.01007057891131306
2018-08-28,177.9,178.58,175.83,176.5,133683,-0.01,-0.12,-0.29,0.006999999999999999,0.292922528784352,0.015961333954282432
2018-08-29,176.67,176.91,174.75,175.74,159415,0.56,-0.04,-0.59,0.006999999999999999,0.278381648805606,-0.006785121548370561
2018-08-30,175.2,179.8,175.2,177.65,211831,-0.41,0.3,-0.43,0.006999999999999999,0.262637307999711,-0.0020445316711072427
